{
  "display": {
    "icon": {
      "id": "minecraft:player_head",
      "components": {
        "minecraft:profile": {
          "id": [
            -711855678,
            -1515173248,
            -2115222405,
            208353478
          ],
          "properties": [
            {
              "name": "textures",
              "value": "eyJ0ZXh0dXJlcyI6eyJTS0lOIjp7InVybCI6Imh0dHA6Ly90ZXh0dXJlcy5taW5lY3JhZnQubmV0L3RleHR1cmUvMTMyMjlmODUyNTcyNjY4NGZiMDIyN2RhZDc2MjFmMDVmMGI4YjVkNThhODY5M2ZkMGVhMDY4ODM0OWYxZDUzYyJ9fX0="
            }
          ]
        }
      }
    },
    "title": {
      "translate": "Christmas Spirit"
    },
    "description": {
      "translate": "Cookies, cakes, honey, fireworks, christmas tree and snowballs"
    },
    "frame": "challenge",
    "announce_to_chat": true
  },
  "parent": "blazeandcave:farming/me_love_cookie",
  "criteria": {
    "christmas_spirit_honey": {
      "trigger": "minecraft:inventory_changed",
      "conditions": {
        "items": [
          {
            "items": [
              "minecraft:spruce_sapling"
            ]
          },
          {
            "items": [
              "minecraft:cookie"
            ]
          },
          {
            "items": [
              "minecraft:cake"
            ]
          },
          {
            "items": [
              "minecraft:firework_rocket"
            ]
          },
          {
            "items": [
              "minecraft:snowball"
            ]
          },
          {
            "items": [
              "minecraft:honey_bottle",
              "minecraft:potion"
            ]
          }
        ]
      }
    }
  },
  "rewards": {
    "function": "bacaped_rewards:farming/christmas_spirit"
  }
}