{
  "display": {
    "icon": {
      "id": "minecraft:player_head",
      "components": {
        "minecraft:profile": {
          "id": [
            -21775189,
            -225949644,
            -1512389306,
            -1961996613
          ],
          "properties": [
            {
              "name": "textures",
              "value": "eyJ0ZXh0dXJlcyI6eyJTS0lOIjp7InVybCI6Imh0dHA6Ly90ZXh0dXJlcy5taW5lY3JhZnQubmV0L3RleHR1cmUvMjc1NTY0NGVlNWE3NjA4ZTE3NjU5NjNhMzE5OWI2YjI3NzI0ZmQ0YjQwMzAxMTU2MDEwYTU4MWNkZDhmYWFmZSJ9fX0="
            }
          ]
        }
      }
    },
    "title": {
      "translate": "Cookie Eater"
    },
    "description": {
      "translate": "Eat 200 cookies during 1 ingame day",
      "color": "dark_purple"
    },
    "frame": "challenge",
    "announce_to_chat": true
  },
  "parent": "bacaped:farming/more_more_cookies",
  "criteria": {
    "trigger": {
      "trigger": "minecraft:impossible"
    }
  },
  "rewards": {
    "function": "bacaped_rewards:farming/cookie_eater"
  }
}