{
  "display": {
    "icon": {
      "id": "minecraft:lectern",
      "components": {
        "minecraft:enchantment_glint_override": true
      }
    },
    "title": {
      "translate": "It's Midnight Already!?"
    },
    "description": {
      "translate": "Place a book with a hundred pages on a lectern and read it"
    },
    "frame": "task",
    "announce_to_chat": true
  },
  "parent": "blazeandcave:farming/an_amazing_story",
  "criteria": {
    "trigger": {
      "trigger": "minecraft:item_used_on_block",
      "conditions": {
        "player": [],
        "location": [
          {
            "condition": "minecraft:any_of",
            "terms": [
              {
                "condition": "minecraft:location_check",
                "predicate": {
                  "block": {
                    "blocks": "minecraft:lectern",
                    "nbt": "{Book: {components: {\"minecraft:writable_book_content\": {pages: [{}, {}, {}, {}, {}, {}, {}, {}, {}, {}, {}, {}, {}, {}, {}, {}, {}, {}, {}, {}, {}, {}, {}, {}, {}, {}, {}, {}, {}, {}, {}, {}, {}, {}, {}, {}, {}, {}, {}, {}, {}, {}, {}, {}, {}, {}, {}, {}, {}, {}, {}, {}, {}, {}, {}, {}, {}, {}, {}, {}, {}, {}, {}, {}, {}, {}, {}, {}, {}, {}, {}, {}, {}, {}, {}, {}, {}, {}, {}, {}, {}, {}, {}, {}, {}, {}, {}, {}, {}, {}, {}, {}, {}, {}, {}, {}, {}, {}, {}, {}]}}}}"
                  }
                }
              },
              {
                "condition": "minecraft:location_check",
                "predicate": {
                  "block": {
                    "blocks": "minecraft:lectern",
                    "nbt": "{Book: {components: {\"minecraft:written_book_content\": {pages: [{}, {}, {}, {}, {}, {}, {}, {}, {}, {}, {}, {}, {}, {}, {}, {}, {}, {}, {}, {}, {}, {}, {}, {}, {}, {}, {}, {}, {}, {}, {}, {}, {}, {}, {}, {}, {}, {}, {}, {}, {}, {}, {}, {}, {}, {}, {}, {}, {}, {}, {}, {}, {}, {}, {}, {}, {}, {}, {}, {}, {}, {}, {}, {}, {}, {}, {}, {}, {}, {}, {}, {}, {}, {}, {}, {}, {}, {}, {}, {}, {}, {}, {}, {}, {}, {}, {}, {}, {}, {}, {}, {}, {}, {}, {}, {}, {}, {}, {}, {}]}}}}"
                  }
                }
              }
            ]
          }
        ]
      }
    }
  },
  "rewards": {
    "function": "bacaped_rewards:farming/its_midnight_already"
  }
}