{
  "display": {
    "icon": {
      "id": "minecraft:melon_seeds"
    },
    "title": {
      "translate": "Not Fireflies"
    },
    "description": {
      "translate": "Have a stack of melon seeds"
    },
    "frame": "task",
    "announce_to_chat": true
  },
  "parent": "blazeandcave:farming/scientific_inaccuracy",
  "criteria": {
    "stack_of_melon_seeds": {
      "trigger": "minecraft:inventory_changed",
      "conditions": {
        "items": [
          {
            "items": [
              "minecraft:melon_seeds"
            ],
            "count": 64
          }
        ]
      }
    }
  },
  "rewards": {
    "function": "bacaped_rewards:farming/not_fireflies"
  }
}