{
  "display": {
    "icon": {
      "id": "minecraft:cactus",
      "components": {
        "minecraft:enchantment_glint_override": true
      }
    },
    "title": {
      "translate": "Live Cactus"
    },
    "description": {
      "translate": "Kill the Elder Guardian in the desert",
      "color": "dark_purple"
    },
    "frame": "challenge",
    "announce_to_chat": true
  },
  "parent": "blazeandcave:monsters/melting",
  "criteria": {
    "kill_elder_guardian_in_desert": {
      "trigger": "minecraft:player_killed_entity",
      "conditions": {
        "entity": {
          "type": "minecraft:elder_guardian",
          "location": {
            "biomes": "minecraft:desert"
          }
        }
      }
    }
  },
  "rewards": {
    "function": "bacaped_rewards:monsters/live_cactus"
  }
}