{
  "display": {
    "icon": {
      "id": "minecraft:tipped_arrow",
      "components": {
        "minecraft:potion_contents": {
          "potion": "minecraft:weakness"
        }
      }
    },
    "title": {
      "translate": "More Impossible"
    },
    "description": {
      "translate": "Kill the Wither with an arrow"
    },
    "frame": "challenge",
    "announce_to_chat": true
  },
  "parent": "blazeandcave:monsters/impossible",
  "criteria": {
    "kill_wither_with_arrow": {
      "trigger": "minecraft:player_killed_entity",
      "conditions": {
        "player": [
          {
            "condition": "minecraft:entity_properties",
            "entity": "this",
            "predicate": {
              "equipment": {
                "mainhand": {
                  "items": "#minecraft:arrows"
                }
              }
            }
          }
        ],
        "entity": {
          "type": "minecraft:wither"
        }
      }
    }
  },
  "rewards": {
    "function": "bacaped_rewards:monsters/more_impossible"
  }
}