{
  "display": {
    "icon": {
      "id": "minecraft:player_head",
      "components": {
        "minecraft:profile": {
          "id": [
            1050022092,
            1091521613,
            -1451049480,
            -1709282467
          ],
          "properties": [
            {
              "name": "textures",
              "value": "eyJ0ZXh0dXJlcyI6eyJTS0lOIjp7InVybCI6Imh0dHA6Ly90ZXh0dXJlcy5taW5lY3JhZnQubmV0L3RleHR1cmUvMTVmZWJhMzc1MGNhZjNkODFiNjQ1ZjdhMzhlYWRkYTk2NjUzZDdiM2NhMjg0MzliNDUxNTE0ZTRmYWFmNDg2NCJ9fX0="
            }
          ]
        }
      }
    },
    "title": {
      "translate": "One Minute Warden's Hugs"
    },
    "description": {
      "translate": "Stay within 5 blocks of a Warden for 1 minute",
      "color": "dark_purple"
    },
    "frame": "challenge",
    "announce_to_chat": true
  },
  "parent": "blazeandcave:monsters/maximum_resistance",
  "criteria": {
    "goodluck": {
      "trigger": "minecraft:impossible"
    }
  },
  "rewards": {
    "function": "bacaped_rewards:monsters/one_minute_wardens_hugs"
  }
}