{
  "display": {
    "icon": {
      "id": "minecraft:fishing_rod"
    },
    "title": {
      "translate": "Phantom Rider"
    },
    "description": {
      "translate": "Catch a Phantom with a fishing rod",
      "color": "#75E1FF"
    },
    "frame": "goal",
    "announce_to_chat": true
  },
  "parent": "blazeandcave:monsters/phantom_slayer",
  "criteria": {
    "trigger": {
      "trigger": "minecraft:fishing_rod_hooked",
      "conditions": {
        "entity": {
          "type": "minecraft:phantom"
        }
      }
    }
  },
  "rewards": {
    "function": "bacaped_rewards:monsters/phantom_rider"
  }
}