{
  "display": {
    "icon": {
      "id": "minecraft:spawner",
      "components": {
        "minecraft:enchantment_glint_override": true
      }
    },
    "title": {
      "translate": "Spider's Lair"
    },
    "description": {
      "translate": "Find the secret \"Spider Room\" in a Woodland Mansion and stand on the Spider Spawner inside it",
      "color": "light_purple"
    },
    "frame": "challenge",
    "announce_to_chat": true,
    "hidden": true
  },
  "parent": "bacaped:monsters/born_to_spawn",
  "criteria": {
    "trigger": {
      "trigger": "minecraft:location",
      "conditions": {
        "player": {
          "stepping_on": {
            "structures": "minecraft:mansion",
            "block": {
              "blocks": "minecraft:spawner",
              "nbt": "{SpawnData: {entity: {id: \"minecraft:spider\"}}}"
            }
          }
        }
      }
    }
  },
  "rewards": {
    "function": "bacaped_rewards:monsters/spiders_liar"
  }
}