{
  "display": {
    "icon": {
      "id": "minecraft:bow",
      "components": {
        "minecraft:enchantment_glint_override": true
      }
    },
    "title": {
      "translate": "Suspicious Duel"
    },
    "description": {
      "translate": "Look at a Skeleton who decided to have a duel with another Skeleton using a spyglass",
      "color": "#75E1FF"
    },
    "frame": "goal",
    "announce_to_chat": true
  },
  "parent": "blazeandcave:monsters/poison_dart",
  "criteria": {
    "look_at_skeleton_duel": {
      "trigger": "minecraft:using_item",
      "conditions": {
        "player": {
          "type_specific": {
            "type": "minecraft:player",
            "looking_at": {
              "type": "minecraft:skeleton",
              "targeted_entity": {
                "type": "minecraft:skeleton",
                "targeted_entity": {
                  "type": "minecraft:skeleton"
                }
              }
            }
          }
        },
        "item": {
          "items": "minecraft:spyglass"
        }
      }
    }
  },
  "rewards": {
    "function": "bacaped_rewards:monsters/suspicious_duel"
  }
}