{
  "condition": "minecraft:any_of",
  "terms": [
    {
      "condition": "minecraft:all_of",
      "terms": [
        {
          "condition": "minecraft:entity_properties",
          "entity": "this",
          "predicate": {
            "type": "minecraft:pig",
            "components": {
              "minecraft:pig/variant": "minecraft:warm",
              "minecraft:custom_name": "Grumm"
            }
          }
        },
        {
          "condition": "minecraft:location_check",
          "offsetX": 0,
          "offsetY": 1,
          "offsetZ": 0,
          "predicate": {
            "block": {
              "blocks": "minecraft:grass_block"
            }
          }
        }
      ]
    },
    {
      "condition": "minecraft:all_of",
      "terms": [
        {
          "condition": "minecraft:entity_properties",
          "entity": "this",
          "predicate": {
            "type": "minecraft:pig",
            "components": {
              "minecraft:pig/variant": "minecraft:warm",
              "minecraft:custom_name": "Dinnerbone"
            }
          }
        },
        {
          "condition": "minecraft:location_check",
          "offsetX": 0,
          "offsetY": 1,
          "offsetZ": 0,
          "predicate": {
            "block": {
              "blocks": "minecraft:grass_block"
            }
          }
        }
      ]
    }
  ]
}