{
  "condition": "minecraft:any_of",
  "terms": [
    {
      "condition": "minecraft:entity_properties",
      "entity": "this",
      "predicate": {
        "location": {
          "biomes": [
            "minecraft:deep_dark",
            "minecraft:dripstone_caves",
            "minecraft:lush_caves"
          ],
          "can_see_sky": false
        }
      }
    },
    {
      "condition": "minecraft:entity_properties",
      "entity": "this",
      "predicate": {
        "location": {
          "position": {
            "y": {
              "max": 20
            }
          },
          "can_see_sky": false
        }
      }
    }
  ]
}
