{
  "condition": "minecraft:all_of",
  "terms": [
    {
      "condition": "minecraft:entity_properties",
      "entity": "this",
      "predicate": {
        "location": {
          "biomes": [
            "minecraft:snowy_beach",
            "minecraft:snowy_plains",
            "minecraft:snowy_slopes",
            "minecraft:snowy_taiga",
            "minecraft:grove",
            "minecraft:ice_spikes",
            "minecraft:frozen_peaks",
            "minecraft:frozen_river",
            "minecraft:deep_frozen_ocean",
            "minecraft:frozen_ocean",
            "minecraft:jagged_peaks"
          ]
        }
      }
    },
    {
      "condition": "minecraft:any_of",
      "terms": [
        {
          "condition": "minecraft:weather_check",
          "raining": true
        },
        {
          "condition": "minecraft:weather_check",
          "thundering": true
        }
      ]
    }
  ]
}
