{
  "display": {
    "icon": {
      "id": "minecraft:rabbit"
    },
    "title": {
      "translate": "Enh. Animal Milestone"
    },
    "description": {
      "translate": "Complete every Enhanced Discoveries advancement in the Animal tab",
      "color": "yellow"
    },
    "frame": "goal",
    "announce_to_chat": true
  },
  "parent": "bacaped:bacap/enhanced_farming_milestone",
  "criteria": {
    "accept_cookies": {
      "trigger": "minecraft:location",
      "conditions": {
        "player": {
          "type_specific": {
            "type": "player",
            "advancements": {
              "bacaped:animal/accept_cookies": true
            }
          }
        }
      }
    },
    "air_balloon": {
      "trigger": "minecraft:location",
      "conditions": {
        "player": {
          "type_specific": {
            "type": "player",
            "advancements": {
              "bacaped:animal/air_balloon": true
            }
          }
        }
      }
    },
    "a_ewe_for_every_hue": {
      "trigger": "minecraft:location",
      "conditions": {
        "player": {
          "type_specific": {
            "type": "player",
            "advancements": {
              "bacaped:animal/a_ewe_for_every_hue": true
            }
          }
        }
      }
    },
    "baby_zoo": {
      "trigger": "minecraft:location",
      "conditions": {
        "player": {
          "type_specific": {
            "type": "player",
            "advancements": {
              "bacaped:animal/baby_zoo": true
            }
          }
        }
      }
    },
    "beezlebooster": {
      "trigger": "minecraft:location",
      "conditions": {
        "player": {
          "type_specific": {
            "type": "player",
            "advancements": {
              "bacaped:animal/beezlebooster": true
            }
          }
        }
      }
    },
    "blind_friend": {
      "trigger": "minecraft:location",
      "conditions": {
        "player": {
          "type_specific": {
            "type": "player",
            "advancements": {
              "bacaped:animal/blind_friend": true
            }
          }
        }
      }
    },
    "buff_axolotl": {
      "trigger": "minecraft:location",
      "conditions": {
        "player": {
          "type_specific": {
            "type": "player",
            "advancements": {
              "bacaped:animal/buff_axolotl": true
            }
          }
        }
      }
    },
    "camel_adventure": {
      "trigger": "minecraft:location",
      "conditions": {
        "player": {
          "type_specific": {
            "type": "player",
            "advancements": {
              "bacaped:animal/camel_adventure": true
            }
          }
        }
      }
    },
    "cheers": {
      "trigger": "minecraft:location",
      "conditions": {
        "player": {
          "type_specific": {
            "type": "player",
            "advancements": {
              "bacaped:animal/cheers": true
            }
          }
        }
      }
    },
    "crab_should_win": {
      "trigger": "minecraft:location",
      "conditions": {
        "player": {
          "type_specific": {
            "type": "player",
            "advancements": {
              "bacaped:animal/crab_should_win": true
            }
          }
        }
      }
    },
    "desert_warrior": {
      "trigger": "minecraft:location",
      "conditions": {
        "player": {
          "type_specific": {
            "type": "player",
            "advancements": {
              "bacaped:animal/desert_warrior": true
            }
          }
        }
      }
    },
    "dinner_time": {
      "trigger": "minecraft:location",
      "conditions": {
        "player": {
          "type_specific": {
            "type": "player",
            "advancements": {
              "bacaped:animal/dinner_time": true
            }
          }
        }
      }
    },
    "driven_to_death": {
      "trigger": "minecraft:location",
      "conditions": {
        "player": {
          "type_specific": {
            "type": "player",
            "advancements": {
              "bacaped:animal/driven_to_death": true
            }
          }
        }
      }
    },
    "echoing_call": {
      "trigger": "minecraft:location",
      "conditions": {
        "player": {
          "type_specific": {
            "type": "player",
            "advancements": {
              "bacaped:animal/echoing_call": true
            }
          }
        }
      }
    },
    "extraordinary_duel": {
      "trigger": "minecraft:location",
      "conditions": {
        "player": {
          "type_specific": {
            "type": "player",
            "advancements": {
              "bacaped:animal/extraordinary_duel": true
            }
          }
        }
      }
    },
    "fox_poses": {
      "trigger": "minecraft:location",
      "conditions": {
        "player": {
          "type_specific": {
            "type": "player",
            "advancements": {
              "bacaped:animal/fox_poses": true
            }
          }
        }
      }
    },
    "full_catch": {
      "trigger": "minecraft:location",
      "conditions": {
        "player": {
          "type_specific": {
            "type": "player",
            "advancements": {
              "bacaped:animal/full_catch": true
            }
          }
        }
      }
    },
    "furry_fury": {
      "trigger": "minecraft:location",
      "conditions": {
        "player": {
          "type_specific": {
            "type": "player",
            "advancements": {
              "bacaped:animal/furry_fury": true
            }
          }
        }
      }
    },
    "horse_health_hunter": {
      "trigger": "minecraft:location",
      "conditions": {
        "player": {
          "type_specific": {
            "type": "player",
            "advancements": {
              "bacaped:animal/horse_health_hunter": true
            }
          }
        }
      }
    },
    "horse_to_honse": {
      "trigger": "minecraft:location",
      "conditions": {
        "player": {
          "type_specific": {
            "type": "player",
            "advancements": {
              "bacaped:animal/horse_to_honse": true
            }
          }
        }
      }
    },
    "hot": {
      "trigger": "minecraft:location",
      "conditions": {
        "player": {
          "type_specific": {
            "type": "player",
            "advancements": {
              "bacaped:animal/hot": true
            }
          }
        }
      }
    },
    "live_salmon": {
      "trigger": "minecraft:location",
      "conditions": {
        "player": {
          "type_specific": {
            "type": "player",
            "advancements": {
              "bacaped:animal/live_salmon": true
            }
          }
        }
      }
    },
    "more_colorful_wool": {
      "trigger": "minecraft:location",
      "conditions": {
        "player": {
          "type_specific": {
            "type": "player",
            "advancements": {
              "bacaped:animal/more_colorful_wool": true
            }
          }
        }
      }
    },
    "ok_i_pull_up": {
      "trigger": "minecraft:location",
      "conditions": {
        "player": {
          "type_specific": {
            "type": "player",
            "advancements": {
              "bacaped:animal/ok_i_pull_up": true
            }
          }
        }
      }
    },
    "pie-fox_fest": {
      "trigger": "minecraft:location",
      "conditions": {
        "player": {
          "type_specific": {
            "type": "player",
            "advancements": {
              "bacaped:animal/pie-fox_fest": true
            }
          }
        }
      }
    },
    "poisoned_ball": {
      "trigger": "minecraft:location",
      "conditions": {
        "player": {
          "type_specific": {
            "type": "player",
            "advancements": {
              "bacaped:animal/poisoned_ball": true
            }
          }
        }
      }
    },
    "scared_box": {
      "trigger": "minecraft:location",
      "conditions": {
        "player": {
          "type_specific": {
            "type": "player",
            "advancements": {
              "bacaped:animal/scared_box": true
            }
          }
        }
      }
    },
    "skill_issue": {
      "trigger": "minecraft:location",
      "conditions": {
        "player": {
          "type_specific": {
            "type": "player",
            "advancements": {
              "bacaped:animal/skill_issue": true
            }
          }
        }
      }
    },
    "sniffer-sniff-event": {
      "trigger": "minecraft:location",
      "conditions": {
        "player": {
          "type_specific": {
            "type": "player",
            "advancements": {
              "bacaped:animal/sniffer-sniff-event": true
            }
          }
        }
      }
    },
    "telefoxing": {
      "trigger": "minecraft:location",
      "conditions": {
        "player": {
          "type_specific": {
            "type": "player",
            "advancements": {
              "bacaped:animal/telefoxing": true
            }
          }
        }
      }
    },
    "the_foxs_banquet": {
      "trigger": "minecraft:location",
      "conditions": {
        "player": {
          "type_specific": {
            "type": "player",
            "advancements": {
              "bacaped:animal/the_foxs_banquet": true
            }
          }
        }
      }
    },
    "the_invisible_turtle": {
      "trigger": "minecraft:location",
      "conditions": {
        "player": {
          "type_specific": {
            "type": "player",
            "advancements": {
              "bacaped:animal/the_invisible_turtle": true
            }
          }
        }
      }
    },
    "the_sugar_cane_diet": {
      "trigger": "minecraft:location",
      "conditions": {
        "player": {
          "type_specific": {
            "type": "player",
            "advancements": {
              "bacaped:animal/the_sugar_cane_diet": true
            }
          }
        }
      }
    },
    "the_wool_magnate": {
      "trigger": "minecraft:location",
      "conditions": {
        "player": {
          "type_specific": {
            "type": "player",
            "advancements": {
              "bacaped:animal/the_wool_magnate": true
            }
          }
        }
      }
    },
    "turtle_bowl": {
      "trigger": "minecraft:location",
      "conditions": {
        "player": {
          "type_specific": {
            "type": "player",
            "advancements": {
              "bacaped:animal/turtle_bowl": true
            }
          }
        }
      }
    },
    "whats_the_best_transport": {
      "trigger": "minecraft:location",
      "conditions": {
        "player": {
          "type_specific": {
            "type": "player",
            "advancements": {
              "bacaped:animal/whats_the_best_transport": true
            }
          }
        }
      }
    },
    "what_about_mooblooms": {
      "trigger": "minecraft:location",
      "conditions": {
        "player": {
          "type_specific": {
            "type": "player",
            "advancements": {
              "bacaped:animal/what_about_mooblooms": true
            }
          }
        }
      }
    },
    "what_are_you_doing_in_my_swamp": {
      "trigger": "minecraft:location",
      "conditions": {
        "player": {
          "type_specific": {
            "type": "player",
            "advancements": {
              "bacaped:animal/what_are_you_doing_in_my_swamp": true
            }
          }
        }
      }
    },
    "what_a_mess_this_horse_is": {
      "trigger": "minecraft:location",
      "conditions": {
        "player": {
          "type_specific": {
            "type": "player",
            "advancements": {
              "bacaped:animal/what_a_mess_this_horse_is": true
            }
          }
        }
      }
    },
    "youre_bald": {
      "trigger": "minecraft:location",
      "conditions": {
        "player": {
          "type_specific": {
            "type": "player",
            "advancements": {
              "bacaped:animal/youre_bald": true
            }
          }
        }
      }
    },
    "youre_part_of_a_hive_mind_now": {
      "trigger": "minecraft:location",
      "conditions": {
        "player": {
          "type_specific": {
            "type": "player",
            "advancements": {
              "bacaped:animal/youre_part_of_a_hive_mind_now": true
            }
          }
        }
      }
    }
  },
  "rewards": {
    "function": "bacaped_rewards:bacap/enhanced_animal_milestone"
  }
}