{
  "display": {
    "icon": {
      "id": "minecraft:end_stone_bricks"
    },
    "title": {
      "translate": "Enh. End Milestone"
    },
    "description": {
      "translate": "Complete every Enhanced Discoveries advancement in the End tab",
      "color": "yellow"
    },
    "frame": "goal",
    "announce_to_chat": true
  },
  "parent": "bacaped:bacap/enhanced_potion_milestone",
  "criteria": {
    "bee_colonist": {
      "trigger": "minecraft:location",
      "conditions": {
        "player": {
          "type_specific": {
            "type": "player",
            "advancements": {
              "bacaped:end/bee_colonist": true
            }
          }
        }
      }
    },
    "compact_base": {
      "trigger": "minecraft:location",
      "conditions": {
        "player": {
          "type_specific": {
            "type": "player",
            "advancements": {
              "bacaped:end/compact_base": true
            }
          }
        }
      }
    },
    "dragon_blitz": {
      "trigger": "minecraft:location",
      "conditions": {
        "player": {
          "type_specific": {
            "type": "player",
            "advancements": {
              "bacaped:end/dragon_blitz": true
            }
          }
        }
      }
    },
    "endergardener": {
      "trigger": "minecraft:location",
      "conditions": {
        "player": {
          "type_specific": {
            "type": "player",
            "advancements": {
              "bacaped:end/endergardener": true
            }
          }
        }
      }
    },
    "end_at_the_start_of_the_game": {
      "trigger": "minecraft:location",
      "conditions": {
        "player": {
          "type_specific": {
            "type": "player",
            "advancements": {
              "bacaped:end/end_at_the_start_of_the_game": true
            }
          }
        }
      }
    },
    "interdimensional_travel": {
      "trigger": "minecraft:location",
      "conditions": {
        "player": {
          "type_specific": {
            "type": "player",
            "advancements": {
              "bacaped:end/interdimensional_travel": true
            }
          }
        }
      }
    },
    "intergalactic_journey": {
      "trigger": "minecraft:location",
      "conditions": {
        "player": {
          "type_specific": {
            "type": "player",
            "advancements": {
              "bacaped:end/intergalactic_journey": true
            }
          }
        }
      }
    },
    "last_hit": {
      "trigger": "minecraft:location",
      "conditions": {
        "player": {
          "type_specific": {
            "type": "player",
            "advancements": {
              "bacaped:end/last_hit": true
            }
          }
        }
      }
    },
    "speed_of_light": {
      "trigger": "minecraft:location",
      "conditions": {
        "player": {
          "type_specific": {
            "type": "player",
            "advancements": {
              "bacaped:end/speed_of_light": true
            }
          }
        }
      }
    },
    "the_lockbox": {
      "trigger": "minecraft:location",
      "conditions": {
        "player": {
          "type_specific": {
            "type": "player",
            "advancements": {
              "bacaped:end/the_lockbox": true
            }
          }
        }
      }
    }
  },
  "rewards": {
    "function": "bacaped_rewards:bacap/enhanced_end_milestone"
  }
}