{
  "display": {
    "icon": {
      "id": "minecraft:cherry_sapling"
    },
    "title": {
      "translate": "Enh. Biomes Milestone"
    },
    "description": {
      "translate": "Complete every Enhanced Discoveries advancement in the Biomes tab",
      "color": "yellow"
    },
    "frame": "goal",
    "announce_to_chat": true
  },
  "parent": "bacaped:bacap/enhanced_weaponry_milestone",
  "criteria": {
    "australia": {
      "trigger": "minecraft:location",
      "conditions": {
        "player": {
          "type_specific": {
            "type": "player",
            "advancements": {
              "bacaped:biomes/australia": true
            }
          }
        }
      }
    },
    "coolgrill": {
      "trigger": "minecraft:location",
      "conditions": {
        "player": {
          "type_specific": {
            "type": "player",
            "advancements": {
              "bacaped:biomes/coolgrill": true
            }
          }
        }
      }
    },
    "good_dreams": {
      "trigger": "minecraft:location",
      "conditions": {
        "player": {
          "type_specific": {
            "type": "player",
            "advancements": {
              "bacaped:biomes/good_dreams": true
            }
          }
        }
      }
    },
    "hydrodynamic": {
      "trigger": "minecraft:location",
      "conditions": {
        "player": {
          "type_specific": {
            "type": "player",
            "advancements": {
              "bacaped:biomes/hydrodynamic": true
            }
          }
        }
      }
    },
    "ice_sculptor": {
      "trigger": "minecraft:location",
      "conditions": {
        "player": {
          "type_specific": {
            "type": "player",
            "advancements": {
              "bacaped:biomes/ice_sculptor": true
            }
          }
        }
      }
    },
    "icy_pirates": {
      "trigger": "minecraft:location",
      "conditions": {
        "player": {
          "type_specific": {
            "type": "player",
            "advancements": {
              "bacaped:biomes/icy_pirates": true
            }
          }
        }
      }
    },
    "lost_ruin": {
      "trigger": "minecraft:location",
      "conditions": {
        "player": {
          "type_specific": {
            "type": "player",
            "advancements": {
              "bacaped:biomes/lost_ruin": true
            }
          }
        }
      }
    },
    "my_mountains": {
      "trigger": "minecraft:location",
      "conditions": {
        "player": {
          "type_specific": {
            "type": "player",
            "advancements": {
              "bacaped:biomes/my_mountains": true
            }
          }
        }
      }
    },
    "pandas_express": {
      "trigger": "minecraft:location",
      "conditions": {
        "player": {
          "type_specific": {
            "type": "player",
            "advancements": {
              "bacaped:biomes/pandas_express": true
            }
          }
        }
      }
    },
    "ready_for_everything": {
      "trigger": "minecraft:location",
      "conditions": {
        "player": {
          "type_specific": {
            "type": "player",
            "advancements": {
              "bacaped:biomes/ready_for_everything": true
            }
          }
        }
      }
    },
    "stop_there_youre_tall_enough": {
      "trigger": "minecraft:location",
      "conditions": {
        "player": {
          "type_specific": {
            "type": "player",
            "advancements": {
              "bacaped:biomes/stop_there_youre_tall_enough": true
            }
          }
        }
      }
    },
    "the_boatman": {
      "trigger": "minecraft:location",
      "conditions": {
        "player": {
          "type_specific": {
            "type": "player",
            "advancements": {
              "bacaped:biomes/the_boatman": true
            }
          }
        }
      }
    },
    "the_infernal_cauldron": {
      "trigger": "minecraft:location",
      "conditions": {
        "player": {
          "type_specific": {
            "type": "player",
            "advancements": {
              "bacaped:biomes/the_infernal_cauldron": true
            }
          }
        }
      }
    },
    "treasure_compass": {
      "trigger": "minecraft:location",
      "conditions": {
        "player": {
          "type_specific": {
            "type": "player",
            "advancements": {
              "bacaped:biomes/treasure_compass": true
            }
          }
        }
      }
    },
    "underwater_pirates": {
      "trigger": "minecraft:location",
      "conditions": {
        "player": {
          "type_specific": {
            "type": "player",
            "advancements": {
              "bacaped:biomes/underwater_pirates": true
            }
          }
        }
      }
    },
    "unite_storm": {
      "trigger": "minecraft:location",
      "conditions": {
        "player": {
          "type_specific": {
            "type": "player",
            "advancements": {
              "bacaped:biomes/unite_storm": true
            }
          }
        }
      }
    }
  },
  "rewards": {
    "function": "bacaped_rewards:bacap/enhanced_biomes_milestone"
  }
}