{
  "display": {
    "icon": {
      "id": "minecraft:bamboo_planks"
    },
    "title": {
      "translate": "Enh. Building Milestone"
    },
    "description": {
      "translate": "Complete every Enhanced Discoveries advancement in the Building tab",
      "color": "yellow"
    },
    "frame": "goal",
    "announce_to_chat": true
  },
  "parent": "bacaped:bacap/enhanced_mining_milestone",
  "criteria": {
    "artificial_forest": {
      "trigger": "minecraft:location",
      "conditions": {
        "player": {
          "type_specific": {
            "type": "player",
            "advancements": {
              "bacaped:building/artificial_forest": true
            }
          }
        }
      }
    },
    "art_lover": {
      "trigger": "minecraft:location",
      "conditions": {
        "player": {
          "type_specific": {
            "type": "player",
            "advancements": {
              "bacaped:building/art_lover": true
            }
          }
        }
      }
    },
    "bee_design": {
      "trigger": "minecraft:location",
      "conditions": {
        "player": {
          "type_specific": {
            "type": "player",
            "advancements": {
              "bacaped:building/bee_design": true
            }
          }
        }
      }
    },
    "chromatic_completion": {
      "trigger": "minecraft:location",
      "conditions": {
        "player": {
          "type_specific": {
            "type": "player",
            "advancements": {
              "bacaped:building/chromatic_completion": true
            }
          }
        }
      }
    },
    "potception": {
      "trigger": "minecraft:location",
      "conditions": {
        "player": {
          "type_specific": {
            "type": "player",
            "advancements": {
              "bacaped:building/potception": true
            }
          }
        }
      }
    },
    "pot_on_a_pot": {
      "trigger": "minecraft:location",
      "conditions": {
        "player": {
          "type_specific": {
            "type": "player",
            "advancements": {
              "bacaped:building/pot_on_a_pot": true
            }
          }
        }
      }
    },
    "smoke_signal": {
      "trigger": "minecraft:location",
      "conditions": {
        "player": {
          "type_specific": {
            "type": "player",
            "advancements": {
              "bacaped:building/smoke_signal": true
            }
          }
        }
      }
    },
    "statue": {
      "trigger": "minecraft:location",
      "conditions": {
        "player": {
          "type_specific": {
            "type": "player",
            "advancements": {
              "bacaped:building/statue": true
            }
          }
        }
      }
    },
    "stickman": {
      "trigger": "minecraft:location",
      "conditions": {
        "player": {
          "type_specific": {
            "type": "player",
            "advancements": {
              "bacaped:building/stickman": true
            }
          }
        }
      }
    }
  },
  "rewards": {
    "function": "bacaped_rewards:bacap/enhanced_building_milestone"
  }
}