{
  "display": {
    "icon": {
      "id": "minecraft:spyglass"
    },
    "title": {
      "translate": "Eye Contact Master"
    },
    "description": {
      "translate": "Look at an Enderman very closely using a Spyglass",
      "color": "#75E1FF"
    },
    "frame": "goal",
    "announce_to_chat": true
  },
  "parent": "blazeandcave:adventure/slenderman",
  "criteria": {
    "trigger": {
      "trigger": "minecraft:using_item",
      "conditions": {
        "player": {
          "type_specific": {
            "type": "player",
            "looking_at": {
              "type": "minecraft:enderman",
              "distance": {
                "absolute": {
                  "max": 1
                }
              }
            }
          }
        },
        "item": {
          "items": [
            "minecraft:spyglass"
          ]
        }
      }
    }
  },
  "rewards": {
    "function": "bacaped_rewards:adventure/eye_contact_master"
  }
}