{
  "display": {
    "icon": {
      "id": "minecraft:leather_chestplate",
      "components": {
        "minecraft:trim": {
          "material": "minecraft:netherite",
          "pattern": "minecraft:silence"
        },
        "minecraft:dyed_color": 1908001
      }
    },
    "title": {
      "translate": "Fake Netherite Armor"
    },
    "description": {
      "translate": "Wear a full set of black leather armor with any netherite trims of the same type",
      "color": "#75E1FF"
    },
    "frame": "goal",
    "announce_to_chat": true
  },
  "parent": "blazeandcave:adventure/chromatic_armory",
  "criteria": {
    "leather_armor_with_netherite_trims": {
      "trigger": "minecraft:inventory_changed",
      "conditions": {
        "player": [
          {
            "condition": "minecraft:all_of",
            "terms": [
              {
                "condition": "minecraft:any_of",
                "terms": [
                  {
                    "condition": "minecraft:entity_properties",
                    "entity": "this",
                    "predicate": {
                      "type": "minecraft:player",
                      "equipment": {
                        "head": {
                          "items": "minecraft:leather_helmet",
                          "components": {
                            "minecraft:trim": {
                              "material": "minecraft:netherite",
                              "pattern": "minecraft:bolt"
                            },
                            "minecraft:dyed_color": 1908001
                          }
                        }
                      }
                    }
                  },
                  {
                    "condition": "minecraft:entity_properties",
                    "entity": "this",
                    "predicate": {
                      "type": "minecraft:player",
                      "equipment": {
                        "head": {
                          "items": "minecraft:leather_helmet",
                          "components": {
                            "minecraft:trim": {
                              "material": "minecraft:netherite",
                              "pattern": "minecraft:coast"
                            },
                            "minecraft:dyed_color": 1908001
                          }
                        }
                      }
                    }
                  },
                  {
                    "condition": "minecraft:entity_properties",
                    "entity": "this",
                    "predicate": {
                      "type": "minecraft:player",
                      "equipment": {
                        "head": {
                          "items": "minecraft:leather_helmet",
                          "components": {
                            "minecraft:trim": {
                              "material": "minecraft:netherite",
                              "pattern": "minecraft:dune"
                            },
                            "minecraft:dyed_color": 1908001
                          }
                        }
                      }
                    }
                  },
                  {
                    "condition": "minecraft:entity_properties",
                    "entity": "this",
                    "predicate": {
                      "type": "minecraft:player",
                      "equipment": {
                        "head": {
                          "items": "minecraft:leather_helmet",
                          "components": {
                            "minecraft:trim": {
                              "material": "minecraft:netherite",
                              "pattern": "minecraft:eye"
                            },
                            "minecraft:dyed_color": 1908001
                          }
                        }
                      }
                    }
                  },
                  {
                    "condition": "minecraft:entity_properties",
                    "entity": "this",
                    "predicate": {
                      "type": "minecraft:player",
                      "equipment": {
                        "head": {
                          "items": "minecraft:leather_helmet",
                          "components": {
                            "minecraft:trim": {
                              "material": "minecraft:netherite",
                              "pattern": "minecraft:flow"
                            },
                            "minecraft:dyed_color": 1908001
                          }
                        }
                      }
                    }
                  },
                  {
                    "condition": "minecraft:entity_properties",
                    "entity": "this",
                    "predicate": {
                      "type": "minecraft:player",
                      "equipment": {
                        "head": {
                          "items": "minecraft:leather_helmet",
                          "components": {
                            "minecraft:trim": {
                              "material": "minecraft:netherite",
                              "pattern": "minecraft:host"
                            },
                            "minecraft:dyed_color": 1908001
                          }
                        }
                      }
                    }
                  },
                  {
                    "condition": "minecraft:entity_properties",
                    "entity": "this",
                    "predicate": {
                      "type": "minecraft:player",
                      "equipment": {
                        "head": {
                          "items": "minecraft:leather_helmet",
                          "components": {
                            "minecraft:trim": {
                              "material": "minecraft:netherite",
                              "pattern": "minecraft:raiser"
                            },
                            "minecraft:dyed_color": 1908001
                          }
                        }
                      }
                    }
                  },
                  {
                    "condition": "minecraft:entity_properties",
                    "entity": "this",
                    "predicate": {
                      "type": "minecraft:player",
                      "equipment": {
                        "head": {
                          "items": "minecraft:leather_helmet",
                          "components": {
                            "minecraft:trim": {
                              "material": "minecraft:netherite",
                              "pattern": "minecraft:rib"
                            },
                            "minecraft:dyed_color": 1908001
                          }
                        }
                      }
                    }
                  },
                  {
                    "condition": "minecraft:entity_properties",
                    "entity": "this",
                    "predicate": {
                      "type": "minecraft:player",
                      "equipment": {
                        "head": {
                          "items": "minecraft:leather_helmet",
                          "components": {
                            "minecraft:trim": {
                              "material": "minecraft:netherite",
                              "pattern": "minecraft:sentry"
                            },
                            "minecraft:dyed_color": 1908001
                          }
                        }
                      }
                    }
                  },
                  {
                    "condition": "minecraft:entity_properties",
                    "entity": "this",
                    "predicate": {
                      "type": "minecraft:player",
                      "equipment": {
                        "head": {
                          "items": "minecraft:leather_helmet",
                          "components": {
                            "minecraft:trim": {
                              "material": "minecraft:netherite",
                              "pattern": "minecraft:shaper"
                            },
                            "minecraft:dyed_color": 1908001
                          }
                        }
                      }
                    }
                  },
                  {
                    "condition": "minecraft:entity_properties",
                    "entity": "this",
                    "predicate": {
                      "type": "minecraft:player",
                      "equipment": {
                        "head": {
                          "items": "minecraft:leather_helmet",
                          "components": {
                            "minecraft:trim": {
                              "material": "minecraft:netherite",
                              "pattern": "minecraft:silence"
                            },
                            "minecraft:dyed_color": 1908001
                          }
                        }
                      }
                    }
                  },
                  {
                    "condition": "minecraft:entity_properties",
                    "entity": "this",
                    "predicate": {
                      "type": "minecraft:player",
                      "equipment": {
                        "head": {
                          "items": "minecraft:leather_helmet",
                          "components": {
                            "minecraft:trim": {
                              "material": "minecraft:netherite",
                              "pattern": "minecraft:snout"
                            },
                            "minecraft:dyed_color": 1908001
                          }
                        }
                      }
                    }
                  },
                  {
                    "condition": "minecraft:entity_properties",
                    "entity": "this",
                    "predicate": {
                      "type": "minecraft:player",
                      "equipment": {
                        "head": {
                          "items": "minecraft:leather_helmet",
                          "components": {
                            "minecraft:trim": {
                              "material": "minecraft:netherite",
                              "pattern": "minecraft:spire"
                            },
                            "minecraft:dyed_color": 1908001
                          }
                        }
                      }
                    }
                  },
                  {
                    "condition": "minecraft:entity_properties",
                    "entity": "this",
                    "predicate": {
                      "type": "minecraft:player",
                      "equipment": {
                        "head": {
                          "items": "minecraft:leather_helmet",
                          "components": {
                            "minecraft:trim": {
                              "material": "minecraft:netherite",
                              "pattern": "minecraft:tide"
                            },
                            "minecraft:dyed_color": 1908001
                          }
                        }
                      }
                    }
                  },
                  {
                    "condition": "minecraft:entity_properties",
                    "entity": "this",
                    "predicate": {
                      "type": "minecraft:player",
                      "equipment": {
                        "head": {
                          "items": "minecraft:leather_helmet",
                          "components": {
                            "minecraft:trim": {
                              "material": "minecraft:netherite",
                              "pattern": "minecraft:vex"
                            },
                            "minecraft:dyed_color": 1908001
                          }
                        }
                      }
                    }
                  },
                  {
                    "condition": "minecraft:entity_properties",
                    "entity": "this",
                    "predicate": {
                      "type": "minecraft:player",
                      "equipment": {
                        "head": {
                          "items": "minecraft:leather_helmet",
                          "components": {
                            "minecraft:trim": {
                              "material": "minecraft:netherite",
                              "pattern": "minecraft:ward"
                            },
                            "minecraft:dyed_color": 1908001
                          }
                        }
                      }
                    }
                  },
                  {
                    "condition": "minecraft:entity_properties",
                    "entity": "this",
                    "predicate": {
                      "type": "minecraft:player",
                      "equipment": {
                        "head": {
                          "items": "minecraft:leather_helmet",
                          "components": {
                            "minecraft:trim": {
                              "material": "minecraft:netherite",
                              "pattern": "minecraft:wayfinder"
                            },
                            "minecraft:dyed_color": 1908001
                          }
                        }
                      }
                    }
                  },
                  {
                    "condition": "minecraft:entity_properties",
                    "entity": "this",
                    "predicate": {
                      "type": "minecraft:player",
                      "equipment": {
                        "head": {
                          "items": "minecraft:leather_helmet",
                          "components": {
                            "minecraft:trim": {
                              "material": "minecraft:netherite",
                              "pattern": "minecraft:wild"
                            },
                            "minecraft:dyed_color": 1908001
                          }
                        }
                      }
                    }
                  }
                ]
              },
              {
                "condition": "minecraft:any_of",
                "terms": [
                  {
                    "condition": "minecraft:entity_properties",
                    "entity": "this",
                    "predicate": {
                      "type": "minecraft:player",
                      "equipment": {
                        "chest": {
                          "items": "minecraft:leather_chestplate",
                          "components": {
                            "minecraft:trim": {
                              "material": "minecraft:netherite",
                              "pattern": "minecraft:bolt"
                            },
                            "minecraft:dyed_color": 1908001
                          }
                        }
                      }
                    }
                  },
                  {
                    "condition": "minecraft:entity_properties",
                    "entity": "this",
                    "predicate": {
                      "type": "minecraft:player",
                      "equipment": {
                        "chest": {
                          "items": "minecraft:leather_chestplate",
                          "components": {
                            "minecraft:trim": {
                              "material": "minecraft:netherite",
                              "pattern": "minecraft:coast"
                            },
                            "minecraft:dyed_color": 1908001
                          }
                        }
                      }
                    }
                  },
                  {
                    "condition": "minecraft:entity_properties",
                    "entity": "this",
                    "predicate": {
                      "type": "minecraft:player",
                      "equipment": {
                        "chest": {
                          "items": "minecraft:leather_chestplate",
                          "components": {
                            "minecraft:trim": {
                              "material": "minecraft:netherite",
                              "pattern": "minecraft:dune"
                            },
                            "minecraft:dyed_color": 1908001
                          }
                        }
                      }
                    }
                  },
                  {
                    "condition": "minecraft:entity_properties",
                    "entity": "this",
                    "predicate": {
                      "type": "minecraft:player",
                      "equipment": {
                        "chest": {
                          "items": "minecraft:leather_chestplate",
                          "components": {
                            "minecraft:trim": {
                              "material": "minecraft:netherite",
                              "pattern": "minecraft:eye"
                            },
                            "minecraft:dyed_color": 1908001
                          }
                        }
                      }
                    }
                  },
                  {
                    "condition": "minecraft:entity_properties",
                    "entity": "this",
                    "predicate": {
                      "type": "minecraft:player",
                      "equipment": {
                        "chest": {
                          "items": "minecraft:leather_chestplate",
                          "components": {
                            "minecraft:trim": {
                              "material": "minecraft:netherite",
                              "pattern": "minecraft:flow"
                            },
                            "minecraft:dyed_color": 1908001
                          }
                        }
                      }
                    }
                  },
                  {
                    "condition": "minecraft:entity_properties",
                    "entity": "this",
                    "predicate": {
                      "type": "minecraft:player",
                      "equipment": {
                        "chest": {
                          "items": "minecraft:leather_chestplate",
                          "components": {
                            "minecraft:trim": {
                              "material": "minecraft:netherite",
                              "pattern": "minecraft:host"
                            },
                            "minecraft:dyed_color": 1908001
                          }
                        }
                      }
                    }
                  },
                  {
                    "condition": "minecraft:entity_properties",
                    "entity": "this",
                    "predicate": {
                      "type": "minecraft:player",
                      "equipment": {
                        "chest": {
                          "items": "minecraft:leather_chestplate",
                          "components": {
                            "minecraft:trim": {
                              "material": "minecraft:netherite",
                              "pattern": "minecraft:raiser"
                            },
                            "minecraft:dyed_color": 1908001
                          }
                        }
                      }
                    }
                  },
                  {
                    "condition": "minecraft:entity_properties",
                    "entity": "this",
                    "predicate": {
                      "type": "minecraft:player",
                      "equipment": {
                        "chest": {
                          "items": "minecraft:leather_chestplate",
                          "components": {
                            "minecraft:trim": {
                              "material": "minecraft:netherite",
                              "pattern": "minecraft:rib"
                            },
                            "minecraft:dyed_color": 1908001
                          }
                        }
                      }
                    }
                  },
                  {
                    "condition": "minecraft:entity_properties",
                    "entity": "this",
                    "predicate": {
                      "type": "minecraft:player",
                      "equipment": {
                        "chest": {
                          "items": "minecraft:leather_chestplate",
                          "components": {
                            "minecraft:trim": {
                              "material": "minecraft:netherite",
                              "pattern": "minecraft:sentry"
                            },
                            "minecraft:dyed_color": 1908001
                          }
                        }
                      }
                    }
                  },
                  {
                    "condition": "minecraft:entity_properties",
                    "entity": "this",
                    "predicate": {
                      "type": "minecraft:player",
                      "equipment": {
                        "chest": {
                          "items": "minecraft:leather_chestplate",
                          "components": {
                            "minecraft:trim": {
                              "material": "minecraft:netherite",
                              "pattern": "minecraft:shaper"
                            },
                            "minecraft:dyed_color": 1908001
                          }
                        }
                      }
                    }
                  },
                  {
                    "condition": "minecraft:entity_properties",
                    "entity": "this",
                    "predicate": {
                      "type": "minecraft:player",
                      "equipment": {
                        "chest": {
                          "items": "minecraft:leather_chestplate",
                          "components": {
                            "minecraft:trim": {
                              "material": "minecraft:netherite",
                              "pattern": "minecraft:silence"
                            },
                            "minecraft:dyed_color": 1908001
                          }
                        }
                      }
                    }
                  },
                  {
                    "condition": "minecraft:entity_properties",
                    "entity": "this",
                    "predicate": {
                      "type": "minecraft:player",
                      "equipment": {
                        "chest": {
                          "items": "minecraft:leather_chestplate",
                          "components": {
                            "minecraft:trim": {
                              "material": "minecraft:netherite",
                              "pattern": "minecraft:snout"
                            },
                            "minecraft:dyed_color": 1908001
                          }
                        }
                      }
                    }
                  },
                  {
                    "condition": "minecraft:entity_properties",
                    "entity": "this",
                    "predicate": {
                      "type": "minecraft:player",
                      "equipment": {
                        "chest": {
                          "items": "minecraft:leather_chestplate",
                          "components": {
                            "minecraft:trim": {
                              "material": "minecraft:netherite",
                              "pattern": "minecraft:spire"
                            },
                            "minecraft:dyed_color": 1908001
                          }
                        }
                      }
                    }
                  },
                  {
                    "condition": "minecraft:entity_properties",
                    "entity": "this",
                    "predicate": {
                      "type": "minecraft:player",
                      "equipment": {
                        "chest": {
                          "items": "minecraft:leather_chestplate",
                          "components": {
                            "minecraft:trim": {
                              "material": "minecraft:netherite",
                              "pattern": "minecraft:tide"
                            },
                            "minecraft:dyed_color": 1908001
                          }
                        }
                      }
                    }
                  },
                  {
                    "condition": "minecraft:entity_properties",
                    "entity": "this",
                    "predicate": {
                      "type": "minecraft:player",
                      "equipment": {
                        "chest": {
                          "items": "minecraft:leather_chestplate",
                          "components": {
                            "minecraft:trim": {
                              "material": "minecraft:netherite",
                              "pattern": "minecraft:vex"
                            },
                            "minecraft:dyed_color": 1908001
                          }
                        }
                      }
                    }
                  },
                  {
                    "condition": "minecraft:entity_properties",
                    "entity": "this",
                    "predicate": {
                      "type": "minecraft:player",
                      "equipment": {
                        "chest": {
                          "items": "minecraft:leather_chestplate",
                          "components": {
                            "minecraft:trim": {
                              "material": "minecraft:netherite",
                              "pattern": "minecraft:ward"
                            },
                            "minecraft:dyed_color": 1908001
                          }
                        }
                      }
                    }
                  },
                  {
                    "condition": "minecraft:entity_properties",
                    "entity": "this",
                    "predicate": {
                      "type": "minecraft:player",
                      "equipment": {
                        "chest": {
                          "items": "minecraft:leather_chestplate",
                          "components": {
                            "minecraft:trim": {
                              "material": "minecraft:netherite",
                              "pattern": "minecraft:wayfinder"
                            },
                            "minecraft:dyed_color": 1908001
                          }
                        }
                      }
                    }
                  },
                  {
                    "condition": "minecraft:entity_properties",
                    "entity": "this",
                    "predicate": {
                      "type": "minecraft:player",
                      "equipment": {
                        "chest": {
                          "items": "minecraft:leather_chestplate",
                          "components": {
                            "minecraft:trim": {
                              "material": "minecraft:netherite",
                              "pattern": "minecraft:wild"
                            },
                            "minecraft:dyed_color": 1908001
                          }
                        }
                      }
                    }
                  }
                ]
              },
              {
                "condition": "minecraft:any_of",
                "terms": [
                  {
                    "condition": "minecraft:entity_properties",
                    "entity": "this",
                    "predicate": {
                      "type": "minecraft:player",
                      "equipment": {
                        "legs": {
                          "items": "minecraft:leather_leggings",
                          "components": {
                            "minecraft:trim": {
                              "material": "minecraft:netherite",
                              "pattern": "minecraft:bolt"
                            },
                            "minecraft:dyed_color": 1908001
                          }
                        }
                      }
                    }
                  },
                  {
                    "condition": "minecraft:entity_properties",
                    "entity": "this",
                    "predicate": {
                      "type": "minecraft:player",
                      "equipment": {
                        "legs": {
                          "items": "minecraft:leather_leggings",
                          "components": {
                            "minecraft:trim": {
                              "material": "minecraft:netherite",
                              "pattern": "minecraft:coast"
                            },
                            "minecraft:dyed_color": 1908001
                          }
                        }
                      }
                    }
                  },
                  {
                    "condition": "minecraft:entity_properties",
                    "entity": "this",
                    "predicate": {
                      "type": "minecraft:player",
                      "equipment": {
                        "legs": {
                          "items": "minecraft:leather_leggings",
                          "components": {
                            "minecraft:trim": {
                              "material": "minecraft:netherite",
                              "pattern": "minecraft:dune"
                            },
                            "minecraft:dyed_color": 1908001
                          }
                        }
                      }
                    }
                  },
                  {
                    "condition": "minecraft:entity_properties",
                    "entity": "this",
                    "predicate": {
                      "type": "minecraft:player",
                      "equipment": {
                        "legs": {
                          "items": "minecraft:leather_leggings",
                          "components": {
                            "minecraft:trim": {
                              "material": "minecraft:netherite",
                              "pattern": "minecraft:eye"
                            },
                            "minecraft:dyed_color": 1908001
                          }
                        }
                      }
                    }
                  },
                  {
                    "condition": "minecraft:entity_properties",
                    "entity": "this",
                    "predicate": {
                      "type": "minecraft:player",
                      "equipment": {
                        "legs": {
                          "items": "minecraft:leather_leggings",
                          "components": {
                            "minecraft:trim": {
                              "material": "minecraft:netherite",
                              "pattern": "minecraft:flow"
                            },
                            "minecraft:dyed_color": 1908001
                          }
                        }
                      }
                    }
                  },
                  {
                    "condition": "minecraft:entity_properties",
                    "entity": "this",
                    "predicate": {
                      "type": "minecraft:player",
                      "equipment": {
                        "legs": {
                          "items": "minecraft:leather_leggings",
                          "components": {
                            "minecraft:trim": {
                              "material": "minecraft:netherite",
                              "pattern": "minecraft:host"
                            },
                            "minecraft:dyed_color": 1908001
                          }
                        }
                      }
                    }
                  },
                  {
                    "condition": "minecraft:entity_properties",
                    "entity": "this",
                    "predicate": {
                      "type": "minecraft:player",
                      "equipment": {
                        "legs": {
                          "items": "minecraft:leather_leggings",
                          "components": {
                            "minecraft:trim": {
                              "material": "minecraft:netherite",
                              "pattern": "minecraft:raiser"
                            },
                            "minecraft:dyed_color": 1908001
                          }
                        }
                      }
                    }
                  },
                  {
                    "condition": "minecraft:entity_properties",
                    "entity": "this",
                    "predicate": {
                      "type": "minecraft:player",
                      "equipment": {
                        "legs": {
                          "items": "minecraft:leather_leggings",
                          "components": {
                            "minecraft:trim": {
                              "material": "minecraft:netherite",
                              "pattern": "minecraft:rib"
                            },
                            "minecraft:dyed_color": 1908001
                          }
                        }
                      }
                    }
                  },
                  {
                    "condition": "minecraft:entity_properties",
                    "entity": "this",
                    "predicate": {
                      "type": "minecraft:player",
                      "equipment": {
                        "legs": {
                          "items": "minecraft:leather_leggings",
                          "components": {
                            "minecraft:trim": {
                              "material": "minecraft:netherite",
                              "pattern": "minecraft:sentry"
                            },
                            "minecraft:dyed_color": 1908001
                          }
                        }
                      }
                    }
                  },
                  {
                    "condition": "minecraft:entity_properties",
                    "entity": "this",
                    "predicate": {
                      "type": "minecraft:player",
                      "equipment": {
                        "legs": {
                          "items": "minecraft:leather_leggings",
                          "components": {
                            "minecraft:trim": {
                              "material": "minecraft:netherite",
                              "pattern": "minecraft:shaper"
                            },
                            "minecraft:dyed_color": 1908001
                          }
                        }
                      }
                    }
                  },
                  {
                    "condition": "minecraft:entity_properties",
                    "entity": "this",
                    "predicate": {
                      "type": "minecraft:player",
                      "equipment": {
                        "legs": {
                          "items": "minecraft:leather_leggings",
                          "components": {
                            "minecraft:trim": {
                              "material": "minecraft:netherite",
                              "pattern": "minecraft:silence"
                            },
                            "minecraft:dyed_color": 1908001
                          }
                        }
                      }
                    }
                  },
                  {
                    "condition": "minecraft:entity_properties",
                    "entity": "this",
                    "predicate": {
                      "type": "minecraft:player",
                      "equipment": {
                        "legs": {
                          "items": "minecraft:leather_leggings",
                          "components": {
                            "minecraft:trim": {
                              "material": "minecraft:netherite",
                              "pattern": "minecraft:snout"
                            },
                            "minecraft:dyed_color": 1908001
                          }
                        }
                      }
                    }
                  },
                  {
                    "condition": "minecraft:entity_properties",
                    "entity": "this",
                    "predicate": {
                      "type": "minecraft:player",
                      "equipment": {
                        "legs": {
                          "items": "minecraft:leather_leggings",
                          "components": {
                            "minecraft:trim": {
                              "material": "minecraft:netherite",
                              "pattern": "minecraft:spire"
                            },
                            "minecraft:dyed_color": 1908001
                          }
                        }
                      }
                    }
                  },
                  {
                    "condition": "minecraft:entity_properties",
                    "entity": "this",
                    "predicate": {
                      "type": "minecraft:player",
                      "equipment": {
                        "legs": {
                          "items": "minecraft:leather_leggings",
                          "components": {
                            "minecraft:trim": {
                              "material": "minecraft:netherite",
                              "pattern": "minecraft:tide"
                            },
                            "minecraft:dyed_color": 1908001
                          }
                        }
                      }
                    }
                  },
                  {
                    "condition": "minecraft:entity_properties",
                    "entity": "this",
                    "predicate": {
                      "type": "minecraft:player",
                      "equipment": {
                        "legs": {
                          "items": "minecraft:leather_leggings",
                          "components": {
                            "minecraft:trim": {
                              "material": "minecraft:netherite",
                              "pattern": "minecraft:vex"
                            },
                            "minecraft:dyed_color": 1908001
                          }
                        }
                      }
                    }
                  },
                  {
                    "condition": "minecraft:entity_properties",
                    "entity": "this",
                    "predicate": {
                      "type": "minecraft:player",
                      "equipment": {
                        "legs": {
                          "items": "minecraft:leather_leggings",
                          "components": {
                            "minecraft:trim": {
                              "material": "minecraft:netherite",
                              "pattern": "minecraft:ward"
                            },
                            "minecraft:dyed_color": 1908001
                          }
                        }
                      }
                    }
                  },
                  {
                    "condition": "minecraft:entity_properties",
                    "entity": "this",
                    "predicate": {
                      "type": "minecraft:player",
                      "equipment": {
                        "legs": {
                          "items": "minecraft:leather_leggings",
                          "components": {
                            "minecraft:trim": {
                              "material": "minecraft:netherite",
                              "pattern": "minecraft:wayfinder"
                            },
                            "minecraft:dyed_color": 1908001
                          }
                        }
                      }
                    }
                  },
                  {
                    "condition": "minecraft:entity_properties",
                    "entity": "this",
                    "predicate": {
                      "type": "minecraft:player",
                      "equipment": {
                        "legs": {
                          "items": "minecraft:leather_leggings",
                          "components": {
                            "minecraft:trim": {
                              "material": "minecraft:netherite",
                              "pattern": "minecraft:wild"
                            },
                            "minecraft:dyed_color": 1908001
                          }
                        }
                      }
                    }
                  }
                ]
              },
              {
                "condition": "minecraft:any_of",
                "terms": [
                  {
                    "condition": "minecraft:entity_properties",
                    "entity": "this",
                    "predicate": {
                      "type": "minecraft:player",
                      "equipment": {
                        "feet": {
                          "items": "minecraft:leather_boots",
                          "components": {
                            "minecraft:trim": {
                              "material": "minecraft:netherite",
                              "pattern": "minecraft:bolt"
                            },
                            "minecraft:dyed_color": 1908001
                          }
                        }
                      }
                    }
                  },
                  {
                    "condition": "minecraft:entity_properties",
                    "entity": "this",
                    "predicate": {
                      "type": "minecraft:player",
                      "equipment": {
                        "feet": {
                          "items": "minecraft:leather_boots",
                          "components": {
                            "minecraft:trim": {
                              "material": "minecraft:netherite",
                              "pattern": "minecraft:coast"
                            },
                            "minecraft:dyed_color": 1908001
                          }
                        }
                      }
                    }
                  },
                  {
                    "condition": "minecraft:entity_properties",
                    "entity": "this",
                    "predicate": {
                      "type": "minecraft:player",
                      "equipment": {
                        "feet": {
                          "items": "minecraft:leather_boots",
                          "components": {
                            "minecraft:trim": {
                              "material": "minecraft:netherite",
                              "pattern": "minecraft:dune"
                            },
                            "minecraft:dyed_color": 1908001
                          }
                        }
                      }
                    }
                  },
                  {
                    "condition": "minecraft:entity_properties",
                    "entity": "this",
                    "predicate": {
                      "type": "minecraft:player",
                      "equipment": {
                        "feet": {
                          "items": "minecraft:leather_boots",
                          "components": {
                            "minecraft:trim": {
                              "material": "minecraft:netherite",
                              "pattern": "minecraft:eye"
                            },
                            "minecraft:dyed_color": 1908001
                          }
                        }
                      }
                    }
                  },
                  {
                    "condition": "minecraft:entity_properties",
                    "entity": "this",
                    "predicate": {
                      "type": "minecraft:player",
                      "equipment": {
                        "feet": {
                          "items": "minecraft:leather_boots",
                          "components": {
                            "minecraft:trim": {
                              "material": "minecraft:netherite",
                              "pattern": "minecraft:flow"
                            },
                            "minecraft:dyed_color": 1908001
                          }
                        }
                      }
                    }
                  },
                  {
                    "condition": "minecraft:entity_properties",
                    "entity": "this",
                    "predicate": {
                      "type": "minecraft:player",
                      "equipment": {
                        "feet": {
                          "items": "minecraft:leather_boots",
                          "components": {
                            "minecraft:trim": {
                              "material": "minecraft:netherite",
                              "pattern": "minecraft:host"
                            },
                            "minecraft:dyed_color": 1908001
                          }
                        }
                      }
                    }
                  },
                  {
                    "condition": "minecraft:entity_properties",
                    "entity": "this",
                    "predicate": {
                      "type": "minecraft:player",
                      "equipment": {
                        "feet": {
                          "items": "minecraft:leather_boots",
                          "components": {
                            "minecraft:trim": {
                              "material": "minecraft:netherite",
                              "pattern": "minecraft:raiser"
                            },
                            "minecraft:dyed_color": 1908001
                          }
                        }
                      }
                    }
                  },
                  {
                    "condition": "minecraft:entity_properties",
                    "entity": "this",
                    "predicate": {
                      "type": "minecraft:player",
                      "equipment": {
                        "feet": {
                          "items": "minecraft:leather_boots",
                          "components": {
                            "minecraft:trim": {
                              "material": "minecraft:netherite",
                              "pattern": "minecraft:rib"
                            },
                            "minecraft:dyed_color": 1908001
                          }
                        }
                      }
                    }
                  },
                  {
                    "condition": "minecraft:entity_properties",
                    "entity": "this",
                    "predicate": {
                      "type": "minecraft:player",
                      "equipment": {
                        "feet": {
                          "items": "minecraft:leather_boots",
                          "components": {
                            "minecraft:trim": {
                              "material": "minecraft:netherite",
                              "pattern": "minecraft:sentry"
                            },
                            "minecraft:dyed_color": 1908001
                          }
                        }
                      }
                    }
                  },
                  {
                    "condition": "minecraft:entity_properties",
                    "entity": "this",
                    "predicate": {
                      "type": "minecraft:player",
                      "equipment": {
                        "feet": {
                          "items": "minecraft:leather_boots",
                          "components": {
                            "minecraft:trim": {
                              "material": "minecraft:netherite",
                              "pattern": "minecraft:shaper"
                            },
                            "minecraft:dyed_color": 1908001
                          }
                        }
                      }
                    }
                  },
                  {
                    "condition": "minecraft:entity_properties",
                    "entity": "this",
                    "predicate": {
                      "type": "minecraft:player",
                      "equipment": {
                        "feet": {
                          "items": "minecraft:leather_boots",
                          "components": {
                            "minecraft:trim": {
                              "material": "minecraft:netherite",
                              "pattern": "minecraft:silence"
                            },
                            "minecraft:dyed_color": 1908001
                          }
                        }
                      }
                    }
                  },
                  {
                    "condition": "minecraft:entity_properties",
                    "entity": "this",
                    "predicate": {
                      "type": "minecraft:player",
                      "equipment": {
                        "feet": {
                          "items": "minecraft:leather_boots",
                          "components": {
                            "minecraft:trim": {
                              "material": "minecraft:netherite",
                              "pattern": "minecraft:snout"
                            },
                            "minecraft:dyed_color": 1908001
                          }
                        }
                      }
                    }
                  },
                  {
                    "condition": "minecraft:entity_properties",
                    "entity": "this",
                    "predicate": {
                      "type": "minecraft:player",
                      "equipment": {
                        "feet": {
                          "items": "minecraft:leather_boots",
                          "components": {
                            "minecraft:trim": {
                              "material": "minecraft:netherite",
                              "pattern": "minecraft:spire"
                            },
                            "minecraft:dyed_color": 1908001
                          }
                        }
                      }
                    }
                  },
                  {
                    "condition": "minecraft:entity_properties",
                    "entity": "this",
                    "predicate": {
                      "type": "minecraft:player",
                      "equipment": {
                        "feet": {
                          "items": "minecraft:leather_boots",
                          "components": {
                            "minecraft:trim": {
                              "material": "minecraft:netherite",
                              "pattern": "minecraft:tide"
                            },
                            "minecraft:dyed_color": 1908001
                          }
                        }
                      }
                    }
                  },
                  {
                    "condition": "minecraft:entity_properties",
                    "entity": "this",
                    "predicate": {
                      "type": "minecraft:player",
                      "equipment": {
                        "feet": {
                          "items": "minecraft:leather_boots",
                          "components": {
                            "minecraft:trim": {
                              "material": "minecraft:netherite",
                              "pattern": "minecraft:vex"
                            },
                            "minecraft:dyed_color": 1908001
                          }
                        }
                      }
                    }
                  },
                  {
                    "condition": "minecraft:entity_properties",
                    "entity": "this",
                    "predicate": {
                      "type": "minecraft:player",
                      "equipment": {
                        "feet": {
                          "items": "minecraft:leather_boots",
                          "components": {
                            "minecraft:trim": {
                              "material": "minecraft:netherite",
                              "pattern": "minecraft:ward"
                            },
                            "minecraft:dyed_color": 1908001
                          }
                        }
                      }
                    }
                  },
                  {
                    "condition": "minecraft:entity_properties",
                    "entity": "this",
                    "predicate": {
                      "type": "minecraft:player",
                      "equipment": {
                        "feet": {
                          "items": "minecraft:leather_boots",
                          "components": {
                            "minecraft:trim": {
                              "material": "minecraft:netherite",
                              "pattern": "minecraft:wayfinder"
                            },
                            "minecraft:dyed_color": 1908001
                          }
                        }
                      }
                    }
                  },
                  {
                    "condition": "minecraft:entity_properties",
                    "entity": "this",
                    "predicate": {
                      "type": "minecraft:player",
                      "equipment": {
                        "feet": {
                          "items": "minecraft:leather_boots",
                          "components": {
                            "minecraft:trim": {
                              "material": "minecraft:netherite",
                              "pattern": "minecraft:wild"
                            },
                            "minecraft:dyed_color": 1908001
                          }
                        }
                      }
                    }
                  }
                ]
              }
            ]
          }
        ]
      }
    }
  },
  "rewards": {
    "function": "bacaped_rewards:adventure/fake_netherite_armor"
  }
}