{
  "display": {
    "icon": {
      "id": "minecraft:pitcher_plant",
      "components": {
        "minecraft:enchantment_glint_override": true
      }
    },
    "title": {
      "translate": "Jurassic Park"
    },
    "description": {
      "translate": "Get 64 torchflowers and 64 pitcher plants"
    },
    "frame": "challenge",
    "announce_to_chat": true
  },
  "parent": "bacaped:adventure/water_dependent",
  "criteria": {
    "torchflowers": {
      "trigger": "minecraft:inventory_changed",
      "conditions": {
        "items": [
          {
            "items": [
              "minecraft:torchflower"
            ],
            "count": {
              "min": 64
            }
          }
        ]
      }
    },
    "pitcher_plants": {
      "trigger": "minecraft:inventory_changed",
      "conditions": {
        "items": [
          {
            "items": [
              "minecraft:pitcher_plant"
            ],
            "count": {
              "min": 64
            }
          }
        ]
      }
    }
  },
  "rewards": {
    "function": "bacaped_rewards:adventure/jurassic_park"
  }
}