{
  "display": {
    "icon": {
      "id": "minecraft:player_head",
      "components": {
        "minecraft:profile": {
          "id": [
            178268303,
            2091270258,
            -1881042217,
            -34878996
          ],
          "properties": [
            {
              "name": "textures",
              "value": "eyJ0ZXh0dXJlcyI6eyJTS0lOIjp7InVybCI6Imh0dHA6Ly90ZXh0dXJlcy5taW5lY3JhZnQubmV0L3RleHR1cmUvZWUwMDNjMzVhZGEzMGM2MGFhNzgyNjQzNzE0YjU0N2U0NzRhNjcwYmE0MjcwNzEyMjFlNzE0NTA3NWQwODQ3MCJ9fX0="
            }
          ]
        }
      }
    },
    "title": {
      "translate": "Komaru \u2665"
    },
    "description": {
      "translate": "Name a Cat \"Komaru\"",
      "color": "light_purple"
    },
    "frame": "challenge",
    "hidden": true,
    "announce_to_chat": true
  },
  "parent": "bacaped:adventure/wardens_thrust",
  "criteria": {
    "Komaru": {
      "trigger": "minecraft:player_interacted_with_entity",
      "conditions": {
        "item": {
          "items": [
            "minecraft:name_tag"
          ],
          "components": {
            "minecraft:custom_name": "Komaru"
          }
        },
        "entity": {
          "type": "minecraft:cat"
        }
      }
    }
  },
  "rewards": {
    "function": "bacaped_rewards:adventure/komaru"
  }
}