{
  "display": {
    "icon": {
      "id": "minecraft:wandering_trader_spawn_egg"
    },
    "title": {
      "translate": "Oh, You Again?"
    },
    "description": {
      "translate": "Open a door for a Wandering Trader",
      "color": "#75E1FF"
    },
    "frame": "goal",
    "announce_to_chat": true
  },
  "parent": "blazeandcave:adventure/shady_deals",
  "criteria": {
    "oh_you_again": {
      "trigger": "minecraft:default_block_use",
      "conditions": {
        "player": {
          "type_specific": {
            "type": "minecraft:player",
            "looking_at": {
              "type": "minecraft:wandering_trader"
            }
          }
        },
        "location": [
          {
            "condition": "minecraft:location_check",
            "predicate": {
              "block": {
                "blocks": "#minecraft:doors"
              }
            }
          }
        ]
      }
    }
  },
  "rewards": {
    "function": "bacaped_rewards:adventure/oh_you_again"
  }
}