{
  "display": {
    "icon": {
      "id": "minecraft:shield",
      "components": {
        "minecraft:enchantment_glint_override": true,
        "minecraft:base_color": "blue",
        "minecraft:banner_patterns": [
          {
            "pattern": "minecraft:rhombus",
            "color": "lime"
          },
          {
            "pattern": "minecraft:cross",
            "color": "blue"
          },
          {
            "pattern": "minecraft:globe",
            "color": "lime"
          },
          {
            "pattern": "minecraft:triangle_bottom",
            "color": "yellow"
          },
          {
            "pattern": "minecraft:stripe_middle",
            "color": "blue"
          },
          {
            "pattern": "minecraft:circle",
            "color": "brown"
          }
        ]
      }
    },
    "title": {
      "translate": "Real Immortal"
    },
    "description": {
      "translate": "Kill an Allay that is under the effect of Strong Turtle Master",
      "color": "dark_purple"
    },
    "frame": "challenge",
    "announce_to_chat": true
  },
  "parent": "bacaped:adventure/uncontrolled_reproduction",
  "criteria": {
    "kill_strong_turtle_master_allay": {
      "trigger": "minecraft:player_killed_entity",
      "conditions": {
        "entity": {
          "type": "minecraft:allay",
          "effects": {
            "minecraft:slowness": {
              "amplifier": {
                "min": 5
              }
            },
            "minecraft:resistance": {
              "amplifier": {
                "min": 3
              }
            }
          }
        }
      }
    }
  },
  "rewards": {
    "function": "bacaped_rewards:adventure/real_immortal"
  }
}