{
  "display": {
    "icon": {
      "id": "minecraft:sugar",
      "components": {
        "minecraft:enchantment_glint_override": true
      }
    },
    "title": {
      "translate": "Restoring Population"
    },
    "description": {
      "translate": "Obtain 64 Sniffer eggs"
    },
    "frame": "challenge",
    "announce_to_chat": true
  },
  "parent": "bacaped:adventure/jurassic_park",
  "criteria": {
    "trigger": {
      "trigger": "minecraft:inventory_changed",
      "conditions": {
        "items": [
          {
            "items": [
              "minecraft:sniffer_egg"
            ],
            "count": {
              "min": 64
            }
          }
        ]
      }
    }
  },
  "rewards": {
    "function": "bacaped_rewards:adventure/restoring_population"
  }
}