{
  "display": {
    "icon": {
      "id": "minecraft:silence_armor_trim_smithing_template",
      "components": {
        "minecraft:enchantment_glint_override": true
      }
    },
    "title": {
      "translate": "Silent Armor"
    },
    "description": {
      "translate": "Wear a full set of armor with silence trims",
      "color": "dark_purple"
    },
    "frame": "challenge",
    "announce_to_chat": true
  },
  "parent": "bacaped:adventure/emerald_armor",
  "criteria": {
    "armor_with_silence_trims": {
      "trigger": "minecraft:inventory_changed",
      "conditions": {
        "player": [
          {
            "condition": "minecraft:all_of",
            "terms": [
              {
                "condition": "minecraft:any_of",
                "terms": [
                  {
                    "condition": "minecraft:entity_properties",
                    "entity": "this",
                    "predicate": {
                      "type": "minecraft:player",
                      "equipment": {
                        "head": {
                          "items": "#minecraft:head_armor",
                          "components": {
                            "minecraft:trim": {
                              "material": "minecraft:amethyst",
                              "pattern": "minecraft:silence"
                            }
                          }
                        }
                      }
                    }
                  },
                  {
                    "condition": "minecraft:entity_properties",
                    "entity": "this",
                    "predicate": {
                      "type": "minecraft:player",
                      "equipment": {
                        "head": {
                          "items": "#minecraft:head_armor",
                          "components": {
                            "minecraft:trim": {
                              "material": "minecraft:copper",
                              "pattern": "minecraft:silence"
                            }
                          }
                        }
                      }
                    }
                  },
                  {
                    "condition": "minecraft:entity_properties",
                    "entity": "this",
                    "predicate": {
                      "type": "minecraft:player",
                      "equipment": {
                        "head": {
                          "items": "#minecraft:head_armor",
                          "components": {
                            "minecraft:trim": {
                              "material": "minecraft:diamond",
                              "pattern": "minecraft:silence"
                            }
                          }
                        }
                      }
                    }
                  },
                  {
                    "condition": "minecraft:entity_properties",
                    "entity": "this",
                    "predicate": {
                      "type": "minecraft:player",
                      "equipment": {
                        "head": {
                          "items": "#minecraft:head_armor",
                          "components": {
                            "minecraft:trim": {
                              "material": "minecraft:resin",
                              "pattern": "minecraft:silence"
                            }
                          }
                        }
                      }
                    }
                  },
                  {
                    "condition": "minecraft:entity_properties",
                    "entity": "this",
                    "predicate": {
                      "type": "minecraft:player",
                      "equipment": {
                        "head": {
                          "items": "#minecraft:head_armor",
                          "components": {
                            "minecraft:trim": {
                              "material": "minecraft:emerald",
                              "pattern": "minecraft:silence"
                            }
                          }
                        }
                      }
                    }
                  },
                  {
                    "condition": "minecraft:entity_properties",
                    "entity": "this",
                    "predicate": {
                      "type": "minecraft:player",
                      "equipment": {
                        "head": {
                          "items": "#minecraft:head_armor",
                          "components": {
                            "minecraft:trim": {
                              "material": "minecraft:gold",
                              "pattern": "minecraft:silence"
                            }
                          }
                        }
                      }
                    }
                  },
                  {
                    "condition": "minecraft:entity_properties",
                    "entity": "this",
                    "predicate": {
                      "type": "minecraft:player",
                      "equipment": {
                        "head": {
                          "items": "#minecraft:head_armor",
                          "components": {
                            "minecraft:trim": {
                              "material": "minecraft:iron",
                              "pattern": "minecraft:silence"
                            }
                          }
                        }
                      }
                    }
                  },
                  {
                    "condition": "minecraft:entity_properties",
                    "entity": "this",
                    "predicate": {
                      "type": "minecraft:player",
                      "equipment": {
                        "head": {
                          "items": "#minecraft:head_armor",
                          "components": {
                            "minecraft:trim": {
                              "material": "minecraft:lapis",
                              "pattern": "minecraft:silence"
                            }
                          }
                        }
                      }
                    }
                  },
                  {
                    "condition": "minecraft:entity_properties",
                    "entity": "this",
                    "predicate": {
                      "type": "minecraft:player",
                      "equipment": {
                        "head": {
                          "items": "#minecraft:head_armor",
                          "components": {
                            "minecraft:trim": {
                              "material": "minecraft:netherite",
                              "pattern": "minecraft:silence"
                            }
                          }
                        }
                      }
                    }
                  },
                  {
                    "condition": "minecraft:entity_properties",
                    "entity": "this",
                    "predicate": {
                      "type": "minecraft:player",
                      "equipment": {
                        "head": {
                          "items": "#minecraft:head_armor",
                          "components": {
                            "minecraft:trim": {
                              "material": "minecraft:quartz",
                              "pattern": "minecraft:silence"
                            }
                          }
                        }
                      }
                    }
                  },
                  {
                    "condition": "minecraft:entity_properties",
                    "entity": "this",
                    "predicate": {
                      "type": "minecraft:player",
                      "equipment": {
                        "head": {
                          "items": "#minecraft:head_armor",
                          "components": {
                            "minecraft:trim": {
                              "material": "minecraft:redstone",
                              "pattern": "minecraft:silence"
                            }
                          }
                        }
                      }
                    }
                  }
                ]
              },
              {
                "condition": "minecraft:any_of",
                "terms": [
                  {
                    "condition": "minecraft:entity_properties",
                    "entity": "this",
                    "predicate": {
                      "type": "minecraft:player",
                      "equipment": {
                        "chest": {
                          "items": "#minecraft:chest_armor",
                          "components": {
                            "minecraft:trim": {
                              "material": "minecraft:amethyst",
                              "pattern": "minecraft:silence"
                            }
                          }
                        }
                      }
                    }
                  },
                  {
                    "condition": "minecraft:entity_properties",
                    "entity": "this",
                    "predicate": {
                      "type": "minecraft:player",
                      "equipment": {
                        "chest": {
                          "items": "#minecraft:chest_armor",
                          "components": {
                            "minecraft:trim": {
                              "material": "minecraft:copper",
                              "pattern": "minecraft:silence"
                            }
                          }
                        }
                      }
                    }
                  },
                  {
                    "condition": "minecraft:entity_properties",
                    "entity": "this",
                    "predicate": {
                      "type": "minecraft:player",
                      "equipment": {
                        "chest": {
                          "items": "#minecraft:chest_armor",
                          "components": {
                            "minecraft:trim": {
                              "material": "minecraft:diamond",
                              "pattern": "minecraft:silence"
                            }
                          }
                        }
                      }
                    }
                  },
                  {
                    "condition": "minecraft:entity_properties",
                    "entity": "this",
                    "predicate": {
                      "type": "minecraft:player",
                      "equipment": {
                        "chest": {
                          "items": "#minecraft:chest_armor",
                          "components": {
                            "minecraft:trim": {
                              "material": "minecraft:resin",
                              "pattern": "minecraft:silence"
                            }
                          }
                        }
                      }
                    }
                  },
                  {
                    "condition": "minecraft:entity_properties",
                    "entity": "this",
                    "predicate": {
                      "type": "minecraft:player",
                      "equipment": {
                        "chest": {
                          "items": "#minecraft:chest_armor",
                          "components": {
                            "minecraft:trim": {
                              "material": "minecraft:emerald",
                              "pattern": "minecraft:silence"
                            }
                          }
                        }
                      }
                    }
                  },
                  {
                    "condition": "minecraft:entity_properties",
                    "entity": "this",
                    "predicate": {
                      "type": "minecraft:player",
                      "equipment": {
                        "chest": {
                          "items": "#minecraft:chest_armor",
                          "components": {
                            "minecraft:trim": {
                              "material": "minecraft:gold",
                              "pattern": "minecraft:silence"
                            }
                          }
                        }
                      }
                    }
                  },
                  {
                    "condition": "minecraft:entity_properties",
                    "entity": "this",
                    "predicate": {
                      "type": "minecraft:player",
                      "equipment": {
                        "chest": {
                          "items": "#minecraft:chest_armor",
                          "components": {
                            "minecraft:trim": {
                              "material": "minecraft:iron",
                              "pattern": "minecraft:silence"
                            }
                          }
                        }
                      }
                    }
                  },
                  {
                    "condition": "minecraft:entity_properties",
                    "entity": "this",
                    "predicate": {
                      "type": "minecraft:player",
                      "equipment": {
                        "chest": {
                          "items": "#minecraft:chest_armor",
                          "components": {
                            "minecraft:trim": {
                              "material": "minecraft:lapis",
                              "pattern": "minecraft:silence"
                            }
                          }
                        }
                      }
                    }
                  },
                  {
                    "condition": "minecraft:entity_properties",
                    "entity": "this",
                    "predicate": {
                      "type": "minecraft:player",
                      "equipment": {
                        "chest": {
                          "items": "#minecraft:chest_armor",
                          "components": {
                            "minecraft:trim": {
                              "material": "minecraft:netherite",
                              "pattern": "minecraft:silence"
                            }
                          }
                        }
                      }
                    }
                  },
                  {
                    "condition": "minecraft:entity_properties",
                    "entity": "this",
                    "predicate": {
                      "type": "minecraft:player",
                      "equipment": {
                        "chest": {
                          "items": "#minecraft:chest_armor",
                          "components": {
                            "minecraft:trim": {
                              "material": "minecraft:quartz",
                              "pattern": "minecraft:silence"
                            }
                          }
                        }
                      }
                    }
                  },
                  {
                    "condition": "minecraft:entity_properties",
                    "entity": "this",
                    "predicate": {
                      "type": "minecraft:player",
                      "equipment": {
                        "chest": {
                          "items": "#minecraft:chest_armor",
                          "components": {
                            "minecraft:trim": {
                              "material": "minecraft:redstone",
                              "pattern": "minecraft:silence"
                            }
                          }
                        }
                      }
                    }
                  }
                ]
              },
              {
                "condition": "minecraft:any_of",
                "terms": [
                  {
                    "condition": "minecraft:entity_properties",
                    "entity": "this",
                    "predicate": {
                      "type": "minecraft:player",
                      "equipment": {
                        "legs": {
                          "items": "#minecraft:leg_armor",
                          "components": {
                            "minecraft:trim": {
                              "material": "minecraft:amethyst",
                              "pattern": "minecraft:silence"
                            }
                          }
                        }
                      }
                    }
                  },
                  {
                    "condition": "minecraft:entity_properties",
                    "entity": "this",
                    "predicate": {
                      "type": "minecraft:player",
                      "equipment": {
                        "legs": {
                          "items": "#minecraft:leg_armor",
                          "components": {
                            "minecraft:trim": {
                              "material": "minecraft:copper",
                              "pattern": "minecraft:silence"
                            }
                          }
                        }
                      }
                    }
                  },
                  {
                    "condition": "minecraft:entity_properties",
                    "entity": "this",
                    "predicate": {
                      "type": "minecraft:player",
                      "equipment": {
                        "legs": {
                          "items": "#minecraft:leg_armor",
                          "components": {
                            "minecraft:trim": {
                              "material": "minecraft:diamond",
                              "pattern": "minecraft:silence"
                            }
                          }
                        }
                      }
                    }
                  },
                  {
                    "condition": "minecraft:entity_properties",
                    "entity": "this",
                    "predicate": {
                      "type": "minecraft:player",
                      "equipment": {
                        "legs": {
                          "items": "#minecraft:leg_armor",
                          "components": {
                            "minecraft:trim": {
                              "material": "minecraft:resin",
                              "pattern": "minecraft:silence"
                            }
                          }
                        }
                      }
                    }
                  },
                  {
                    "condition": "minecraft:entity_properties",
                    "entity": "this",
                    "predicate": {
                      "type": "minecraft:player",
                      "equipment": {
                        "legs": {
                          "items": "#minecraft:leg_armor",
                          "components": {
                            "minecraft:trim": {
                              "material": "minecraft:emerald",
                              "pattern": "minecraft:silence"
                            }
                          }
                        }
                      }
                    }
                  },
                  {
                    "condition": "minecraft:entity_properties",
                    "entity": "this",
                    "predicate": {
                      "type": "minecraft:player",
                      "equipment": {
                        "legs": {
                          "items": "#minecraft:leg_armor",
                          "components": {
                            "minecraft:trim": {
                              "material": "minecraft:gold",
                              "pattern": "minecraft:silence"
                            }
                          }
                        }
                      }
                    }
                  },
                  {
                    "condition": "minecraft:entity_properties",
                    "entity": "this",
                    "predicate": {
                      "type": "minecraft:player",
                      "equipment": {
                        "legs": {
                          "items": "#minecraft:leg_armor",
                          "components": {
                            "minecraft:trim": {
                              "material": "minecraft:iron",
                              "pattern": "minecraft:silence"
                            }
                          }
                        }
                      }
                    }
                  },
                  {
                    "condition": "minecraft:entity_properties",
                    "entity": "this",
                    "predicate": {
                      "type": "minecraft:player",
                      "equipment": {
                        "legs": {
                          "items": "#minecraft:leg_armor",
                          "components": {
                            "minecraft:trim": {
                              "material": "minecraft:lapis",
                              "pattern": "minecraft:silence"
                            }
                          }
                        }
                      }
                    }
                  },
                  {
                    "condition": "minecraft:entity_properties",
                    "entity": "this",
                    "predicate": {
                      "type": "minecraft:player",
                      "equipment": {
                        "legs": {
                          "items": "#minecraft:leg_armor",
                          "components": {
                            "minecraft:trim": {
                              "material": "minecraft:netherite",
                              "pattern": "minecraft:silence"
                            }
                          }
                        }
                      }
                    }
                  },
                  {
                    "condition": "minecraft:entity_properties",
                    "entity": "this",
                    "predicate": {
                      "type": "minecraft:player",
                      "equipment": {
                        "legs": {
                          "items": "#minecraft:leg_armor",
                          "components": {
                            "minecraft:trim": {
                              "material": "minecraft:quartz",
                              "pattern": "minecraft:silence"
                            }
                          }
                        }
                      }
                    }
                  },
                  {
                    "condition": "minecraft:entity_properties",
                    "entity": "this",
                    "predicate": {
                      "type": "minecraft:player",
                      "equipment": {
                        "legs": {
                          "items": "#minecraft:leg_armor",
                          "components": {
                            "minecraft:trim": {
                              "material": "minecraft:redstone",
                              "pattern": "minecraft:silence"
                            }
                          }
                        }
                      }
                    }
                  }
                ]
              },
              {
                "condition": "minecraft:any_of",
                "terms": [
                  {
                    "condition": "minecraft:entity_properties",
                    "entity": "this",
                    "predicate": {
                      "type": "minecraft:player",
                      "equipment": {
                        "feet": {
                          "items": "#minecraft:foot_armor",
                          "components": {
                            "minecraft:trim": {
                              "material": "minecraft:amethyst",
                              "pattern": "minecraft:silence"
                            }
                          }
                        }
                      }
                    }
                  },
                  {
                    "condition": "minecraft:entity_properties",
                    "entity": "this",
                    "predicate": {
                      "type": "minecraft:player",
                      "equipment": {
                        "feet": {
                          "items": "#minecraft:foot_armor",
                          "components": {
                            "minecraft:trim": {
                              "material": "minecraft:copper",
                              "pattern": "minecraft:silence"
                            }
                          }
                        }
                      }
                    }
                  },
                  {
                    "condition": "minecraft:entity_properties",
                    "entity": "this",
                    "predicate": {
                      "type": "minecraft:player",
                      "equipment": {
                        "feet": {
                          "items": "#minecraft:foot_armor",
                          "components": {
                            "minecraft:trim": {
                              "material": "minecraft:diamond",
                              "pattern": "minecraft:silence"
                            }
                          }
                        }
                      }
                    }
                  },
                  {
                    "condition": "minecraft:entity_properties",
                    "entity": "this",
                    "predicate": {
                      "type": "minecraft:player",
                      "equipment": {
                        "feet": {
                          "items": "#minecraft:foot_armor",
                          "components": {
                            "minecraft:trim": {
                              "material": "minecraft:resin",
                              "pattern": "minecraft:silence"
                            }
                          }
                        }
                      }
                    }
                  },
                  {
                    "condition": "minecraft:entity_properties",
                    "entity": "this",
                    "predicate": {
                      "type": "minecraft:player",
                      "equipment": {
                        "feet": {
                          "items": "#minecraft:foot_armor",
                          "components": {
                            "minecraft:trim": {
                              "material": "minecraft:emerald",
                              "pattern": "minecraft:silence"
                            }
                          }
                        }
                      }
                    }
                  },
                  {
                    "condition": "minecraft:entity_properties",
                    "entity": "this",
                    "predicate": {
                      "type": "minecraft:player",
                      "equipment": {
                        "feet": {
                          "items": "#minecraft:foot_armor",
                          "components": {
                            "minecraft:trim": {
                              "material": "minecraft:gold",
                              "pattern": "minecraft:silence"
                            }
                          }
                        }
                      }
                    }
                  },
                  {
                    "condition": "minecraft:entity_properties",
                    "entity": "this",
                    "predicate": {
                      "type": "minecraft:player",
                      "equipment": {
                        "feet": {
                          "items": "#minecraft:foot_armor",
                          "components": {
                            "minecraft:trim": {
                              "material": "minecraft:iron",
                              "pattern": "minecraft:silence"
                            }
                          }
                        }
                      }
                    }
                  },
                  {
                    "condition": "minecraft:entity_properties",
                    "entity": "this",
                    "predicate": {
                      "type": "minecraft:player",
                      "equipment": {
                        "feet": {
                          "items": "#minecraft:foot_armor",
                          "components": {
                            "minecraft:trim": {
                              "material": "minecraft:lapis",
                              "pattern": "minecraft:silence"
                            }
                          }
                        }
                      }
                    }
                  },
                  {
                    "condition": "minecraft:entity_properties",
                    "entity": "this",
                    "predicate": {
                      "type": "minecraft:player",
                      "equipment": {
                        "feet": {
                          "items": "#minecraft:foot_armor",
                          "components": {
                            "minecraft:trim": {
                              "material": "minecraft:netherite",
                              "pattern": "minecraft:silence"
                            }
                          }
                        }
                      }
                    }
                  },
                  {
                    "condition": "minecraft:entity_properties",
                    "entity": "this",
                    "predicate": {
                      "type": "minecraft:player",
                      "equipment": {
                        "feet": {
                          "items": "#minecraft:foot_armor",
                          "components": {
                            "minecraft:trim": {
                              "material": "minecraft:quartz",
                              "pattern": "minecraft:silence"
                            }
                          }
                        }
                      }
                    }
                  },
                  {
                    "condition": "minecraft:entity_properties",
                    "entity": "this",
                    "predicate": {
                      "type": "minecraft:player",
                      "equipment": {
                        "feet": {
                          "items": "#minecraft:foot_armor",
                          "components": {
                            "minecraft:trim": {
                              "material": "minecraft:redstone",
                              "pattern": "minecraft:silence"
                            }
                          }
                        }
                      }
                    }
                  }
                ]
              }
            ]
          }
        ]
      }
    }
  },
  "rewards": {
    "function": "bacaped_rewards:adventure/silent_armor"
  }
}