{
  "display": {
    "icon": {
      "id": "minecraft:spyglass",
      "components": {
        "minecraft:enchantment_glint_override": true
      }
    },
    "title": {
      "translate": "The Cult of the Spyglass"
    },
    "description": {
      "translate": "Look at a spyglass through the spyglass",
      "color": "#75E1FF"
    },
    "frame": "goal",
    "announce_to_chat": true
  },
  "parent": "bacaped:adventure/eye_contact_master",
  "criteria": {
    "look_to_spyglass": {
      "trigger": "minecraft:using_item",
      "conditions": {
        "player": {
          "type_specific": {
            "type": "minecraft:player",
            "looking_at": {
              "type": "minecraft:item",
              "nbt": "{Item: {id: \"minecraft:spyglass\"}}"
            }
          }
        },
        "item": {
          "items": "minecraft:spyglass"
        }
      }
    }
  },
  "rewards": {
    "function": "bacaped_rewards:adventure/the_cult_of_the_spyglass"
  }
}