{
  "display": {
    "icon": {
      "id": "minecraft:chest",
      "components": {
        "minecraft:enchantment_glint_override": true
      }
    },
    "title": {
      "translate": "The Hardest and Unfairest One Yet"
    },
    "description": {
      "translate": "Open the bonus chest",
      "color": "light_purple"
    },
    "frame": "challenge",
    "announce_to_chat": true,
    "hidden": true
  },
  "parent": "minecraft:adventure/root",
  "criteria": {
    "bonus_chest": {
      "trigger": "minecraft:player_generates_container_loot",
      "conditions": {
        "loot_table": "minecraft:chests/spawn_bonus_chest"
      }
    }
  },
  "rewards": {
    "function": "bacaped_rewards:adventure/the_hardest_and_unfairest_one_yet"
  }
}