{
  "display": {
    "icon": {
      "id": "minecraft:amethyst_shard",
      "components": {
        "minecraft:enchantment_glint_override": true
      }
    },
    "title": {
      "translate": "Uncontrolled Reproduction"
    },
    "description": {
      "translate": "Have an Allay drop an amethyst shard at a note block",
      "color": "#75E1FF"
    },
    "frame": "goal",
    "announce_to_chat": true
  },
  "parent": "blazeandcave:adventure/and_make_it_double",
  "criteria": {
    "trigger": {
      "trigger": "minecraft:allay_drop_item_on_block",
      "conditions": {
        "location": [
          {
            "condition": "minecraft:location_check",
            "predicate": {
              "block": {
                "blocks": [
                  "minecraft:note_block"
                ]
              }
            }
          },
          {
            "condition": "minecraft:match_tool",
            "predicate": {
              "items": [
                "minecraft:amethyst_shard"
              ]
            }
          }
        ]
      }
    }
  },
  "rewards": {
    "function": "bacaped_rewards:adventure/uncontrolled_reproduction"
  }
}