{
  "display": {
    "icon": {
      "id": "minecraft:player_head",
      "components": {
        "minecraft:profile": {
          "id": [
            2008139348,
            -251836018,
            -1958619505,
            -470601269
          ],
          "properties": [
            {
              "name": "textures",
              "value": "eyJ0ZXh0dXJlcyI6eyJTS0lOIjp7InVybCI6Imh0dHA6Ly90ZXh0dXJlcy5taW5lY3JhZnQubmV0L3RleHR1cmUvNjc2MjQzOTQyMTUyOWUzNDljMGNhYjBmZDQwYzAzZTRiY2E4YjE3ZDMzOTUwZDgyMjRhM2YzYThhOWQ1ZmQ0NCJ9fX0="
            }
          ]
        }
      }
    },
    "title": {
      "translate": "Wandering Caravane"
    },
    "description": {
      "translate": "Leash a Boat with a Wandering Trader and Trader Llama inside",
      "color": "#75E1FF"
    },
    "frame": "goal",
    "announce_to_chat": true
  },
  "parent": "bacaped:adventure/oh_you_again",
  "criteria": {
    "trigger": {
      "trigger": "minecraft:player_interacted_with_entity",
      "conditions": {
        "item": {
          "items": "minecraft:lead"
        },
        "entity": {
          "type": "#minecraft:boat",
          "nbt": "{Passengers:[{id:\"minecraft:trader_llama\"},{id:\"minecraft:wandering_trader\"}]}"
        }
      }
    }
  },
  "rewards": {
    "function": "bacaped_rewards:adventure/wandering_caravane"
  }
}