{
  "display": {
    "icon": {
      "id": "minecraft:player_head",
      "components": {
        "minecraft:profile": {
          "id": [
            1298989397,
            1555318664,
            -1438256815,
            -1766009294
          ],
          "properties": [
            {
              "name": "textures",
              "value": "eyJ0ZXh0dXJlcyI6eyJTS0lOIjp7InVybCI6Imh0dHA6Ly90ZXh0dXJlcy5taW5lY3JhZnQubmV0L3RleHR1cmUvNTAzODE3MzdkNGRhNTI4ODIzNTQ3MjUxYjE0NTU2OGQxNTI1M2E4N2IxMTE5M2MzZGFmZjZhZTM1NTc3NSJ9fX0="
            }
          ]
        }
      }
    },
    "title": {
      "translate": "Warden's Thrust"
    },
    "description": {
      "translate": "Soar with an Elytra from a Warden's sonic boom attack"
    },
    "frame": "challenge",
    "announce_to_chat": true
  },
  "parent": "bacaped:adventure/placeholder",
  "criteria": {
    "goodluck": {
      "trigger": "minecraft:entity_hurt_player",
      "conditions": {
        "player": {
          "flags": {
            "is_flying": true
          }
        },
        "damage": {
          "type": {
            "tags": [
              {
                "id": "bacaped:is_sonic_boom",
                "expected": true
              }
            ]
          }
        }
      }
    }
  },
  "rewards": {
    "function": "bacaped_rewards:adventure/wardens_thrust"
  }
}