{
  "display": {
    "icon": {
      "id": "minecraft:light_weighted_pressure_plate",
      "components": {
        "minecraft:enchantment_glint_override": true
      }
    },
    "title": {
      "translate": "Light Touch"
    },
    "description": {
      "translate": "Stand on a Light Weighted Pressure Plate with the maximum signal strength",
      "color": "#75E1FF"
    },
    "frame": "goal",
    "announce_to_chat": true
  },
  "parent": "blazeandcave:redstone/bling_plate",
  "criteria": {
    "trigger": {
      "trigger": "minecraft:location",
      "conditions": {
        "player": {
          "location": {
            "block": {
              "blocks": "minecraft:light_weighted_pressure_plate",
              "state": {
                "power": "15"
              }
            }
          }
        }
      }
    }
  },
  "rewards": {
    "function": "bacaped_rewards:redstone/light_touch"
  }
}