{
  "display": {
    "icon": {
      "id": "minecraft:redstone_block"
    },
    "title": {
      "translate": "More Optimisations!"
    },
    "description": {
      "translate": "Place a redstone block above hopper to lock it",
      "color": "green"
    },
    "frame": "task",
    "hidden": false,
    "announce_to_chat": true
  },
  "parent": "bacaped:redstone/old_optimisations",
  "criteria": {
    "requirement": {
      "trigger": "minecraft:placed_block",
      "conditions": {
        "location": [
          {
            "condition": "minecraft:block_state_property",
            "block": "minecraft:redstone_block",
            "properties": {}
          },
          {
            "condition": "minecraft:location_check",
            "offsetX": 0,
            "offsetY": -1,
            "offsetZ": 0,
            "predicate": {
              "block": {
                "blocks": [
                  "minecraft:hopper"
                ]
              }
            }
          }
        ]
      }
    }
  },
  "rewards": {
    "function": "bacaped_rewards:redstone/more_optimisations"
  }
}