{
  "display": {
    "icon": {
      "id": "minecraft:composter"
    },
    "title": {
      "translate": "Old Optimisations"
    },
    "description": {
      "translate": "Before 1.21, the composter placed above hopper optimized the calculations. Do it in honor of tradition",
      "color": "green"
    },
    "frame": "task",
    "hidden": false,
    "announce_to_chat": true
  },
  "parent": "blazeandcave:redstone/space_hopper",
  "criteria": {
    "requirement": {
      "trigger": "minecraft:placed_block",
      "conditions": {
        "location": [
          {
            "condition": "minecraft:block_state_property",
            "block": "minecraft:composter",
            "properties": {}
          },
          {
            "condition": "minecraft:location_check",
            "offsetX": 0,
            "offsetY": -1,
            "offsetZ": 0,
            "predicate": {
              "block": {
                "blocks": [
                  "minecraft:hopper"
                ]
              }
            }
          }
        ]
      }
    }
  },
  "rewards": {
    "function": "bacaped_rewards:redstone/old_optimisations"
  }
}