{
  "display": {
    "icon": {
      "id": "minecraft:player_head",
      "components": {
        "minecraft:profile": {
          "id": [
            1060644085,
            -578400684,
            -2092371825,
            1664348547
          ],
          "properties": [
            {
              "name": "textures",
              "value": "eyJ0ZXh0dXJlcyI6eyJTS0lOIjp7InVybCI6Imh0dHA6Ly90ZXh0dXJlcy5taW5lY3JhZnQubmV0L3RleHR1cmUvNTk1ZWFhOTJkMmViOTY5NDI4NGI0ZTk4Y2FkZWNmZDdhODIzMjU2YmFkNWEzOTQ1OThmNjMyNGNmZTdmNzM3YiJ9fX0="
            }
          ]
        }
      }
    },
    "title": {
      "translate": "What Do You Know About Pistons"
    },
    "description": {
      "translate": "Craft 1000 pistons"
    },
    "frame": "challenge",
    "announce_to_chat": true
  },
  "parent": "blazeandcave:redstone/moving_parts",
  "criteria": {
    "trigger": {
      "trigger": "minecraft:recipe_crafted",
      "conditions": {
        "player": {
          "type_specific": {
            "type": "player",
            "stats": [
              {
                "type": "minecraft:crafted",
                "stat": "minecraft:piston",
                "value": {
                  "min": 1000
                }
              }
            ]
          }
        },
        "recipe_id": "minecraft:piston"
      }
    }
  },
  "rewards": {
    "function": "bacaped_rewards:redstone/what_do_you_know_about_pistons"
  }
}