{
  "display": {
    "icon": {
      "id": "minecraft:wind_charge",
      "components": {
        "minecraft:enchantment_glint_override": true
      }
    },
    "title": {
      "translate": "Airborne Annihilator"
    },
    "description": {
      "translate": "Kill all airborne mobs with a Wind Charge",
      "color": "#FF2A2A"
    },
    "frame": "challenge",
    "announce_to_chat": true
  },
  "parent": "blazeandcave:challenges/biological_warfare",
  "criteria": {
    "killed_dragon_with_wind_charge": {
      "trigger": "minecraft:player_killed_entity",
      "conditions": {
        "entity": [
          {
            "condition": "minecraft:entity_properties",
            "entity": "this",
            "predicate": {
              "type": "minecraft:ender_dragon"
            }
          }
        ],
        "killing_blow": {
          "direct_entity": {
            "type": "minecraft:wind_charge"
          }
        }
      }
    },
    "killed_bat_with_wind_charge": {
      "trigger": "minecraft:player_killed_entity",
      "conditions": {
        "entity": [
          {
            "condition": "minecraft:entity_properties",
            "entity": "this",
            "predicate": {
              "type": "minecraft:bat"
            }
          }
        ],
        "killing_blow": {
          "direct_entity": {
            "type": "minecraft:wind_charge"
          }
        }
      }
    },
    "killed_bee_with_wind_charge": {
      "trigger": "minecraft:player_killed_entity",
      "conditions": {
        "entity": [
          {
            "condition": "minecraft:entity_properties",
            "entity": "this",
            "predicate": {
              "type": "minecraft:bee"
            }
          }
        ],
        "killing_blow": {
          "direct_entity": {
            "type": "minecraft:wind_charge"
          }
        }
      }
    },
    "killed_blaze_with_wind_charge": {
      "trigger": "minecraft:player_killed_entity",
      "conditions": {
        "entity": [
          {
            "condition": "minecraft:entity_properties",
            "entity": "this",
            "predicate": {
              "type": "minecraft:blaze"
            }
          }
        ],
        "killing_blow": {
          "direct_entity": {
            "type": "minecraft:wind_charge"
          }
        }
      }
    },
    "killed_breeze_with_wind_charge": {
      "trigger": "minecraft:player_killed_entity",
      "conditions": {
        "entity": [
          {
            "condition": "minecraft:entity_properties",
            "entity": "this",
            "predicate": {
              "type": "minecraft:breeze"
            }
          }
        ],
        "killing_blow": {
          "direct_entity": {
            "type": "minecraft:wind_charge"
          }
        }
      }
    },
    "killed_ghast_with_wind_charge": {
      "trigger": "minecraft:player_killed_entity",
      "conditions": {
        "entity": [
          {
            "condition": "minecraft:entity_properties",
            "entity": "this",
            "predicate": {
              "type": "minecraft:ghast"
            }
          }
        ],
        "killing_blow": {
          "direct_entity": {
            "type": "minecraft:wind_charge"
          }
        }
      }
    },
    "killed_happy_ghast_with_wind_charge": {
      "trigger": "minecraft:player_killed_entity",
      "conditions": {
        "entity": [
          {
            "condition": "minecraft:entity_properties",
            "entity": "this",
            "predicate": {
              "type": "minecraft:happy_ghast"
            }
          }
        ],
        "killing_blow": {
          "direct_entity": {
            "type": "minecraft:wind_charge"
          }
        }
      }
    },
    "killed_parrot_with_wind_charge": {
      "trigger": "minecraft:player_killed_entity",
      "conditions": {
        "entity": [
          {
            "condition": "minecraft:entity_properties",
            "entity": "this",
            "predicate": {
              "type": "minecraft:parrot"
            }
          }
        ],
        "killing_blow": {
          "direct_entity": {
            "type": "minecraft:wind_charge"
          }
        }
      }
    },
    "killed_vex_with_wind_charge": {
      "trigger": "minecraft:player_killed_entity",
      "conditions": {
        "entity": [
          {
            "condition": "minecraft:entity_properties",
            "entity": "this",
            "predicate": {
              "type": "minecraft:vex"
            }
          }
        ],
        "killing_blow": {
          "direct_entity": {
            "type": "minecraft:wind_charge"
          }
        }
      }
    },
    "killed_phantom_with_wind_charge": {
      "trigger": "minecraft:player_killed_entity",
      "conditions": {
        "entity": [
          {
            "condition": "minecraft:entity_properties",
            "entity": "this",
            "predicate": {
              "type": "minecraft:phantom"
            }
          }
        ],
        "killing_blow": {
          "direct_entity": {
            "type": "minecraft:wind_charge"
          }
        }
      }
    }
  },
  "rewards": {
    "function": "bacaped_rewards:challenges/airborne_annihilator"
  }
}