{
  "display": {
    "icon": {
      "id": "minecraft:anvil"
    },
    "title": {
      "translate": "Astronomer"
    },
    "description": {
      "translate": "Look at an anvil that is 325 blocks high using a Spyglass",
      "color": "#FF2A2A"
    },
    "frame": "challenge",
    "announce_to_chat": true
  },
  "parent": "blazeandcave:challenges/telescopic",
  "criteria": {
    "anvil": {
      "trigger": "minecraft:using_item",
      "conditions": {
        "player": [
          {
            "condition": "minecraft:entity_properties",
            "entity": "this",
            "predicate": {
              "type_specific": {
                "type": "minecraft:player",
                "looking_at": {
                  "type": "minecraft:falling_block",
                  "nbt": "{BlockState:{Name:\"minecraft:anvil\"}}",
                  "location": {
                    "position": {
                      "y": {
                        "min": 325
                      }
                    }
                  }
                }
              }
            }
          }
        ],
        "item": {
          "items": [
            "minecraft:spyglass"
          ]
        }
      }
    },
    "chipped_anvil": {
      "trigger": "minecraft:using_item",
      "conditions": {
        "player": [
          {
            "condition": "minecraft:entity_properties",
            "entity": "this",
            "predicate": {
              "type_specific": {
                "type": "minecraft:player",
                "looking_at": {
                  "type": "minecraft:falling_block",
                  "nbt": "{BlockState:{Name:\"minecraft:chipped_anvil\"}}",
                  "location": {
                    "position": {
                      "y": {
                        "min": 325
                      }
                    }
                  }
                }
              }
            }
          }
        ],
        "item": {
          "items": [
            "minecraft:spyglass"
          ]
        }
      }
    },
    "damaged_anvil": {
      "trigger": "minecraft:using_item",
      "conditions": {
        "player": [
          {
            "condition": "minecraft:entity_properties",
            "entity": "this",
            "predicate": {
              "type_specific": {
                "type": "minecraft:player",
                "looking_at": {
                  "type": "minecraft:falling_block",
                  "nbt": "{BlockState:{Name:\"minecraft:damaged_anvil\"}}",
                  "location": {
                    "position": {
                      "y": {
                        "min": 325
                      }
                    }
                  }
                }
              }
            }
          }
        ],
        "item": {
          "items": [
            "minecraft:spyglass"
          ]
        }
      }
    }
  },
  "requirements": [
    [
      "anvil",
      "chipped_anvil",
      "damaged_anvil"
    ]
  ],
  "rewards": {
    "function": "bacaped_rewards:challenges/astronomer"
  }
}