{
  "display": {
    "icon": {
      "id": "minecraft:guster_banner_pattern",
      "components": {
        "minecraft:enchantment_glint_override": true
      }
    },
    "title": {
      "translate": "Baron Munchausen"
    },
    "description": {
      "translate": "Levitate up a distance of 1024 blocks",
      "color": "#FF2A2A"
    },
    "frame": "challenge",
    "announce_to_chat": true,
    "hidden": false
  },
  "parent": "blazeandcave:challenges/im_in_space",
  "criteria": {
    "levitated": {
      "trigger": "minecraft:levitation",
      "conditions": {
        "distance": {
          "y": {
            "min": 1024
          }
        }
      }
    }
  },
  "rewards": {
    "function": "bacaped_rewards:challenges/baron_munchausen"
  }
}