{
  "display": {
    "icon": {
      "id": "minecraft:warped_fungus_on_a_stick",
      "components": {
        "minecraft:enchantment_glint_override": true
      }
    },
    "title": {
      "translate": "Big End Adventure"
    },
    "description": {
      "translate": "Kill the Ender Dragon and discover all the biomes and structures in the End without dismounting from the Strider",
      "color": "#FF2A2A"
    },
    "frame": "challenge",
    "announce_to_chat": true
  },
  "parent": "bacaped:challenges/big_horse_adventure",
  "criteria": {
    "kill_dragon": {
      "trigger": "minecraft:player_killed_entity",
      "conditions": {
        "player": {
          "vehicle": {
            "type": "minecraft:strider"
          }
        },
        "entity": {
          "type": "minecraft:ender_dragon"
        }
      }
    },
    "the_end": {
      "trigger": "minecraft:location",
      "conditions": {
        "player": {
          "location": {
            "biomes": "minecraft:the_end"
          },
          "vehicle": {
            "type": "minecraft:strider"
          }
        }
      }
    },
    "small_end_islands": {
      "trigger": "minecraft:location",
      "conditions": {
        "player": {
          "location": {
            "biomes": "minecraft:small_end_islands"
          },
          "vehicle": {
            "type": "minecraft:strider"
          }
        }
      }
    },
    "end_midlands": {
      "trigger": "minecraft:location",
      "conditions": {
        "player": {
          "location": {
            "biomes": "#bacaped:end_midlands"
          },
          "vehicle": {
            "type": "minecraft:strider"
          }
        }
      }
    },
    "end_highlands": {
      "trigger": "minecraft:location",
      "conditions": {
        "player": {
          "location": {
            "biomes": "minecraft:end_highlands"
          },
          "vehicle": {
            "type": "minecraft:strider"
          }
        }
      }
    },
    "end_barrens": {
      "trigger": "minecraft:location",
      "conditions": {
        "player": {
          "location": {
            "biomes": "#bacaped:end_barrens"
          },
          "vehicle": {
            "type": "minecraft:strider"
          }
        }
      }
    },
    "end_city": {
      "trigger": "minecraft:location",
      "conditions": {
        "player": {
          "location": {
            "structures": "minecraft:end_city"
          },
          "vehicle": {
            "type": "minecraft:strider"
          }
        }
      }
    }
  },
  "rewards": {
    "function": "bacaped_rewards:challenges/big_end_adventure"
  }
}