{
  "display": {
    "icon": {
      "id": "minecraft:player_head",
      "components": {
        "minecraft:profile": {
          "id": [
            1373238150,
            -93437616,
            -1087668752,
            137369491
          ],
          "properties": [
            {
              "name": "textures",
              "value": "eyJ0ZXh0dXJlcyI6eyJTS0lOIjp7InVybCI6Imh0dHA6Ly90ZXh0dXJlcy5taW5lY3JhZnQubmV0L3RleHR1cmUvZDg5ZGNjNTViNDhlMjcwODcyZDI4NTc2YTc5MDA1NTQwYmVkNWYwYWU1MzAxNWNmZGM5NWI3NTFkMTZmYTllMiJ9fX0="
            }
          ]
        }
      }
    },
    "title": {
      "translate": "Celestial Protocol"
    },
    "description": {
      "translate": "Reach an altitude of 100,000 blocks above the world",
      "color": "#FF2A2A"
    },
    "frame": "challenge",
    "announce_to_chat": true
  },
  "parent": "blazeandcave:challenges/ad_astra",
  "criteria": {
    "requirement": {
      "trigger": "minecraft:location",
      "conditions": {
        "player": {
          "type_specific": {
            "type": "minecraft:player",
            "gamemode": [
              "survival",
              "creative",
              "adventure"
            ]
          },
          "location": {
            "position": {
              "y": {
                "min": 100000
              }
            }
          }
        }
      }
    }
  },
  "rewards": {
    "function": "bacaped_rewards:challenges/celestial_protocol"
  }
}