{
  "display": {
    "icon": {
      "id": "minecraft:tipped_arrow",
      "components": {
        "minecraft:potion_contents": "minecraft:strong_healing"
      }
    },
    "title": {
      "translate": "Extinction"
    },
    "description": {
      "translate": "Kill a strength 5 Llama, a black Rabbit, a brown Panda, a blue Axolotl and a jungle Nitwit with a single piercing shot in the End",
      "color": "#FF2A2A"
    },
    "frame": "challenge",
    "announce_to_chat": true
  },
  "parent": "bacaped:challenges/sandwich",
  "criteria": {
    "exctinction": {
      "trigger": "minecraft:killed_by_arrow",
      "conditions": {
        "player": {
          "location": {
            "dimension": "minecraft:the_end"
          }
        },
        "fired_from_weapon": {
          "items": "minecraft:crossbow"
        },
        "victims": [
          {
            "type": "#blazeandcave:llamas",
            "nbt": "{Strength:5}"
          },
          {
            "type": "minecraft:rabbit",
            "nbt": "{RabbitType:2}"
          },
          {
            "type": "minecraft:panda",
            "nbt": "{MainGene:\"brown\",HiddenGene:\"brown\"}"
          },
          {
            "type": "minecraft:axolotl",
            "nbt": "{Variant:4}"
          },
          {
            "type": "minecraft:villager",
            "nbt": "{VillagerData:{profession:\"minecraft:nitwit\",type:\"minecraft:jungle\"}}"
          }
        ]
      }
    }
  },
  "rewards": {
    "function": "bacaped_rewards:challenges/extincion"
  }
}