{
  "display": {
    "icon": {
      "id": "minecraft:glowstone",
      "components": {
        "minecraft:enchantment_glint_override": true
      }
    },
    "title": {
      "translate": "From the Underworld"
    },
    "description": {
      "translate": "Buy Glowstone from a Wandering Trader in the Nether",
      "color": "light_purple"
    },
    "frame": "challenge",
    "announce_to_chat": true,
    "hidden": true
  },
  "parent": "bacaped:challenges/what_a_stupid_purchase",
  "criteria": {
    "buy_pointed_dripstone": {
      "trigger": "minecraft:villager_trade",
      "conditions": {
        "villager": {
          "type": "minecraft:wandering_trader",
          "location": {
            "dimension": "minecraft:the_nether"
          }
        },
        "item": {
          "items": "minecraft:glowstone"
        }
      }
    }
  },
  "rewards": {
    "function": "bacaped_rewards:challenges/from_the_underworld"
  }
}