{
  "display": {
    "icon": {
      "id": "minecraft:player_head",
      "components": {
        "minecraft:profile": {
          "id": [
            1917196226,
            -1943059530,
            -2136931471,
            -2008565072
          ],
          "properties": [
            {
              "name": "textures",
              "value": "eyJ0ZXh0dXJlcyI6eyJTS0lOIjp7InVybCI6Imh0dHA6Ly90ZXh0dXJlcy5taW5lY3JhZnQubmV0L3RleHR1cmUvNWJlY2RmOTc0N2JjZDcxZTBkZmU3N2E1NmMyMGRjOTk1ODNmMjQ1ZTQ2OWM4M2Y4NGJkMTk1ZWM2ZTJkM2VlMiJ9fX0="
            }
          ]
        }
      }
    },
    "title": {
      "translate": "Happy Anniversary"
    },
    "description": {
      "translate": "Kill 300 Withers during your life",
      "color": "#FF2A2A"
    },
    "frame": "challenge",
    "announce_to_chat": true
  },
  "parent": "bacaped:challenges/the_world_is_actually_ending_2",
  "criteria": {
    "kill_300_withers": {
      "trigger": "minecraft:player_killed_entity",
      "conditions": {
        "player": {
          "type_specific": {
            "type": "player",
            "stats": [
              {
                "type": "minecraft:killed",
                "stat": "minecraft:wither",
                "value": {
                  "min": 299
                }
              }
            ]
          }
        },
        "entity": {
          "type": "minecraft:wither"
        }
      }
    }
  },
  "rewards": {
    "function": "bacaped_rewards:challenges/happy_anniversary"
  }
}