{
  "display": {
    "icon": {
      "id": "minecraft:stick",
      "components": {
        "minecraft:enchantment_glint_override": true
      }
    },
    "title": {
      "translate": "Magic Kingdom"
    },
    "description": {
      "translate": "Get all magical mobs together within 32 blocks of you: Enderman, Endermite, Shulker, Witch, Blaze, Allay, Vex, Warden, Guardian, Snow Golem, Evoker, Breeze",
      "color": "#FF2A2A"
    },
    "frame": "challenge",
    "announce_to_chat": true
  },
  "parent": "bacaped:challenges/what_are_the_chances",
  "criteria": {
    "trigger": {
      "trigger": "minecraft:impossible"
    }
  },
  "rewards": {
    "function": "bacaped_rewards:challenges/magic_kingdom"
  }
}