{
  "display": {
    "icon": {
      "id": "minecraft:chicken_spawn_egg",
      "components": {
        "minecraft:enchantment_glint_override": true
      }
    },
    "title": {
      "translate": "Mounted Menace"
    },
    "description": {
      "translate": "Have a Witch on a temperate Chicken, a Husk on a cold Chicken, and a Drowned with a trident on a warm Chicken in one place (have them all within 8 blocks of you)",
      "color": "light_purple"
    },
    "frame": "challenge",
    "announce_to_chat": true,
    "hidden": true
  },
  "parent": "bacaped:challenges/mob_universe",
  "criteria": {
    "trigger": {
      "trigger": "minecraft:impossible"
    }
  },
  "rewards": {
    "function": "bacaped_rewards:challenges/mounted_menace"
  }
}