{
  "display": {
    "icon": {
      "id": "minecraft:player_head",
      "components": {
        "minecraft:profile": {
          "id": [
            768219495,
            222187186,
            -2139366664,
            -147477226
          ],
          "properties": [
            {
              "name": "textures",
              "value": "eyJ0ZXh0dXJlcyI6eyJTS0lOIjp7InVybCI6Imh0dHA6Ly90ZXh0dXJlcy5taW5lY3JhZnQubmV0L3RleHR1cmUvNGFiZDcwM2U1YjhjODhkNGIxZmNmYTk0YTkzNmEwZDZhNGY2YWJhNDQ1Njk2NjNkMzM5MWQ0ODgzMjIzYzUifX19"
            }
          ]
        }
      }
    },
    "title": {
      "translate": "Raise the Stakes"
    },
    "description": {
      "translate": "Fill your inventory with golden apples",
      "color": "#FF2A2A"
    },
    "frame": "challenge",
    "announce_to_chat": true
  },
  "parent": "bacaped:challenges/the_king_of_the_redskins",
  "criteria": {
    "full_golden_apple_inventory": {
      "trigger": "minecraft:location",
      "conditions": {
        "player": {
          "slots": {
            "inventory.0": {
              "items": "minecraft:golden_apple",
              "count": 64
            },
            "inventory.1": {
              "items": "minecraft:golden_apple",
              "count": 64
            },
            "inventory.2": {
              "items": "minecraft:golden_apple",
              "count": 64
            },
            "inventory.3": {
              "items": "minecraft:golden_apple",
              "count": 64
            },
            "inventory.4": {
              "items": "minecraft:golden_apple",
              "count": 64
            },
            "inventory.5": {
              "items": "minecraft:golden_apple",
              "count": 64
            },
            "inventory.6": {
              "items": "minecraft:golden_apple",
              "count": 64
            },
            "inventory.7": {
              "items": "minecraft:golden_apple",
              "count": 64
            },
            "inventory.8": {
              "items": "minecraft:golden_apple",
              "count": 64
            },
            "inventory.9": {
              "items": "minecraft:golden_apple",
              "count": 64
            },
            "inventory.10": {
              "items": "minecraft:golden_apple",
              "count": 64
            },
            "inventory.11": {
              "items": "minecraft:golden_apple",
              "count": 64
            },
            "inventory.12": {
              "items": "minecraft:golden_apple",
              "count": 64
            },
            "inventory.13": {
              "items": "minecraft:golden_apple",
              "count": 64
            },
            "inventory.14": {
              "items": "minecraft:golden_apple",
              "count": 64
            },
            "inventory.15": {
              "items": "minecraft:golden_apple",
              "count": 64
            },
            "inventory.16": {
              "items": "minecraft:golden_apple",
              "count": 64
            },
            "inventory.17": {
              "items": "minecraft:golden_apple",
              "count": 64
            },
            "inventory.18": {
              "items": "minecraft:golden_apple",
              "count": 64
            },
            "inventory.19": {
              "items": "minecraft:golden_apple",
              "count": 64
            },
            "inventory.20": {
              "items": "minecraft:golden_apple",
              "count": 64
            },
            "inventory.21": {
              "items": "minecraft:golden_apple",
              "count": 64
            },
            "inventory.22": {
              "items": "minecraft:golden_apple",
              "count": 64
            },
            "inventory.23": {
              "items": "minecraft:golden_apple",
              "count": 64
            },
            "inventory.24": {
              "items": "minecraft:golden_apple",
              "count": 64
            },
            "inventory.25": {
              "items": "minecraft:golden_apple",
              "count": 64
            },
            "inventory.26": {
              "items": "minecraft:golden_apple",
              "count": 64
            },
            "hotbar.0": {
              "items": "minecraft:golden_apple",
              "count": 64
            },
            "hotbar.1": {
              "items": "minecraft:golden_apple",
              "count": 64
            },
            "hotbar.2": {
              "items": "minecraft:golden_apple",
              "count": 64
            },
            "hotbar.3": {
              "items": "minecraft:golden_apple",
              "count": 64
            },
            "hotbar.4": {
              "items": "minecraft:golden_apple",
              "count": 64
            },
            "hotbar.5": {
              "items": "minecraft:golden_apple",
              "count": 64
            },
            "hotbar.6": {
              "items": "minecraft:golden_apple",
              "count": 64
            },
            "hotbar.7": {
              "items": "minecraft:golden_apple",
              "count": 64
            },
            "hotbar.8": {
              "items": "minecraft:golden_apple",
              "count": 64
            }
          },
          "equipment": {
            "offhand": {
              "items": "minecraft:golden_apple",
              "count": 64
            }
          }
        }
      }
    }
  },
  "rewards": {
    "function": "bacaped_rewards:challenges/raise_the_stakes"
  }
}