{
  "display": {
    "icon": {
      "id": "minecraft:recovery_compass",
      "components": {
        "minecraft:enchantment_glint_override": true
      }
    },
    "title": {
      "translate": "Sandwich"
    },
    "description": {
      "translate": "Kill 5 Wardens with a single piercing shot",
      "color": "#FF2A2A"
    },
    "frame": "challenge",
    "announce_to_chat": true
  },
  "parent": "bacaped:challenges/5_birds_1_stone",
  "criteria": {
    "trigger": {
      "trigger": "minecraft:killed_by_arrow",
      "conditions": {
        "fired_from_weapon": {
          "items": "minecraft:crossbow"
        },
        "victims": [
          {
            "type": "minecraft:warden"
          },
          {
            "type": "minecraft:warden"
          },
          {
            "type": "minecraft:warden"
          },
          {
            "type": "minecraft:warden"
          },
          {
            "type": "minecraft:warden"
          }
        ]
      }
    }
  },
  "rewards": {
    "function": "bacaped_rewards:challenges/sandwich"
  }
}