{
  "display": {
    "icon": {
      "id": "minecraft:skull_banner_pattern",
      "components": {
        "minecraft:enchantment_glint_override": true
      }
    },
    "title": {
      "translate": "Shield of Achilles"
    },
    "description": {
      "translate": "Deflect a blow that does at least 200 damage with your shield",
      "color": "#FF2A2A"
    },
    "frame": "challenge",
    "announce_to_chat": true,
    "hidden": false
  },
  "parent": "blazeandcave:challenges/immortal",
  "criteria": {
    "trigger": {
      "trigger": "minecraft:entity_hurt_player",
      "conditions": {
        "damage": {
          "dealt": {
            "min": 200
          },
          "blocked": true
        }
      }
    }
  },
  "rewards": {
    "function": "bacaped_rewards:challenges/shield_of_achilles"
  }
}