{
  "display": {
    "icon": {
      "id": "minecraft:mangrove_leaves"
    },
    "title": {
      "translate": "What Are the Chances"
    },
    "description": {
      "translate": "Kill a Phantom that is 92 blocks above the world with a bow enchanted with Flame, Punch 1, Unbreaking 2, and Curse of Vanishing while inside the Mangrove Swamp biome",
      "color": "#FF2A2A"
    },
    "frame": "challenge",
    "announce_to_chat": true
  },
  "parent": "blazeandcave:challenges/endergeddon",
  "criteria": {
    "trigger": {
      "trigger": "minecraft:player_killed_entity",
      "conditions": {
        "player": [
          {
            "condition": "minecraft:any_of",
            "terms": [
              {
                "condition": "minecraft:entity_properties",
                "entity": "this",
                "predicate": {
                  "equipment": {
                    "offhand": {
                      "items": [
                        "minecraft:bow"
                      ],
                      "components": {
                        "minecraft:enchantments": {
                          "minecraft:flame": 1,
                          "minecraft:punch": 1,
                          "minecraft:unbreaking": 2,
                          "minecraft:vanishing_curse": 1
                        }
                      }
                    }
                  }
                }
              },
              {
                "condition": "minecraft:entity_properties",
                "entity": "this",
                "predicate": {
                  "equipment": {
                    "mainhand": {
                      "items": [
                        "minecraft:bow"
                      ],
                      "components": {
                        "minecraft:enchantments": {
                          "minecraft:flame": 1,
                          "minecraft:punch": 1,
                          "minecraft:unbreaking": 2,
                          "minecraft:vanishing_curse": 1
                        }
                      }
                    }
                  }
                }
              }
            ]
          }
        ],
        "entity": {
          "type": "minecraft:phantom",
          "location": {
            "position": {
              "y": {
                "min": 90,
                "max": 94
              }
            },
            "biomes": "minecraft:mangrove_swamp"
          }
        },
        "killing_blow": {}
      }
    }
  },
  "rewards": {
    "function": "bacaped_rewards:challenges/what_are_the_chances"
  }
}