{
  "display": {
    "icon": {
      "id": "minecraft:beacon",
      "components": {
        "minecraft:enchantment_glint_override": true
      }
    },
    "title": {
      "translate": "Yes"
    },
    "description": {
      "translate": "Stand on a chest filled with beacons",
      "color": "light_purple"
    },
    "frame": "challenge",
    "announce_to_chat": true,
    "hidden": true
  },
  "parent": "bacaped:challenges/compass_overload",
  "criteria": {
    "trigger": {
      "trigger": "minecraft:location",
      "conditions": {
        "player": [
          {
            "condition": "minecraft:entity_properties",
            "entity": "this",
            "predicate": {
              "stepping_on": {
                "block": {
                  "blocks": [
                    "minecraft:chest"
                  ],
                  "nbt": "{Items: [{count: 64, Slot: 0b, id: \"minecraft:beacon\"}, {count: 64, Slot: 1b, id: \"minecraft:beacon\"}, {count: 64, Slot: 2b, id: \"minecraft:beacon\"}, {count: 64, Slot: 3b, id: \"minecraft:beacon\"}, {count: 64, Slot: 4b, id: \"minecraft:beacon\"}, {count: 64, Slot: 5b, id: \"minecraft:beacon\"}, {count: 64, Slot: 6b, id: \"minecraft:beacon\"}, {count: 64, Slot: 7b, id: \"minecraft:beacon\"}, {count: 64, Slot: 8b, id: \"minecraft:beacon\"}, {count: 64, Slot: 9b, id: \"minecraft:beacon\"}, {count: 64, Slot: 10b, id: \"minecraft:beacon\"}, {count: 64, Slot: 11b, id: \"minecraft:beacon\"}, {count: 64, Slot: 12b, id: \"minecraft:beacon\"}, {count: 64, Slot: 13b, id: \"minecraft:beacon\"}, {count: 64, Slot: 14b, id: \"minecraft:beacon\"}, {count: 64, Slot: 15b, id: \"minecraft:beacon\"}, {count: 64, Slot: 16b, id: \"minecraft:beacon\"}, {count: 64, Slot: 17b, id: \"minecraft:beacon\"}, {count: 64, Slot: 18b, id: \"minecraft:beacon\"}, {count: 64, Slot: 19b, id: \"minecraft:beacon\"}, {count: 64, Slot: 20b, id: \"minecraft:beacon\"}, {count: 64, Slot: 21b, id: \"minecraft:beacon\"}, {count: 64, Slot: 22b, id: \"minecraft:beacon\"}, {count: 64, Slot: 23b, id: \"minecraft:beacon\"}, {count: 64, Slot: 24b, id: \"minecraft:beacon\"}, {count: 64, Slot: 25b, id: \"minecraft:beacon\"}, {count: 64, Slot: 26b, id: \"minecraft:beacon\"}]}"
                }
              }
            }
          }
        ]
      }
    }
  },
  "rewards": {
    "function": "bacaped_rewards:challenges/yes"
  }
}