{
  "display": {
    "icon": {
      "id": "minecraft:axolotl_bucket",
      "components": {
        "minecraft:enchantment_glint_override": true
      }
    },
    "title": {
      "translate": "Zero Coordinates Magnet"
    },
    "description": {
      "translate": "Kill a blue Axolotl at coordinates x: 0 z: 0 y: 0 in the End",
      "color": "#FF2A2A"
    },
    "frame": "challenge",
    "announce_to_chat": true
  },
  "parent": "blazeandcave:challenges/endergeddon",
  "criteria": {
    "trigger": {
      "trigger": "minecraft:player_killed_entity",
      "conditions": {
        "entity": {
          "type": "minecraft:axolotl",
          "location": {
            "position": {
              "x": {
                "min": -1,
                "max": 1
              },
              "y": {
                "min": -1,
                "max": 1
              },
              "z": {
                "min": -1,
                "max": 1
              }
            },
            "dimension": "minecraft:the_end"
          },
          "components": {
            "minecraft:axolotl/variant": "blue"
          }
        }
      }
    }
  },
  "rewards": {
    "function": "bacaped_rewards:challenges/zero_coordinates_magnet"
  }
}