{
  "display": {
    "icon": {
      "id": "minecraft:deepslate_emerald_ore",
      "components": {
        "minecraft:enchantment_glint_override": true
      }
    },
    "title": {
      "translate": "Complete Orellection"
    },
    "description": {
      "translate": "Mine a stack of raw deepslate emerald ore",
      "color": "light_purple"
    },
    "frame": "challenge",
    "announce_to_chat": true,
    "hidden": true
  },
  "parent": "bacaped:mining/deepslated_miner",
  "criteria": {
    "trigger": {
      "trigger": "minecraft:inventory_changed",
      "conditions": {
        "items": [
          {
            "items": [
              "minecraft:deepslate_emerald_ore"
            ],
            "count": {
              "min": 64
            }
          }
        ]
      }
    }
  },
  "rewards": {
    "function": "bacaped_rewards:mining/complete_orellection"
  }
}