{
  "display": {
    "icon": {
      "id": "minecraft:copper_block",
      "components": {
        "minecraft:enchantment_glint_override": true
      }
    },
    "title": {
      "translate": "Copper King"
    },
    "description": {
      "translate": "Stand on a chest filled with copper blocks"
    },
    "frame": "challenge",
    "announce_to_chat": true
  },
  "parent": "blazeandcave:mining/master_copper_miner",
  "criteria": {
    "stand_on_chest_full_copper_blocks": {
      "trigger": "minecraft:location",
      "conditions": {
        "player": [
          {
            "condition": "minecraft:entity_properties",
            "entity": "this",
            "predicate": {
              "stepping_on": {
                "block": {
                  "blocks": [
                    "minecraft:chest"
                  ],
                  "nbt": "{Items: [{count: 64, Slot: 0b, id: \"minecraft:copper_block\"}, {count: 64, Slot: 1b, id: \"minecraft:copper_block\"}, {count: 64, Slot: 2b, id: \"minecraft:copper_block\"}, {count: 64, Slot: 3b, id: \"minecraft:copper_block\"}, {count: 64, Slot: 4b, id: \"minecraft:copper_block\"}, {count: 64, Slot: 5b, id: \"minecraft:copper_block\"}, {count: 64, Slot: 6b, id: \"minecraft:copper_block\"}, {count: 64, Slot: 7b, id: \"minecraft:copper_block\"}, {count: 64, Slot: 8b, id: \"minecraft:copper_block\"}, {count: 64, Slot: 9b, id: \"minecraft:copper_block\"}, {count: 64, Slot: 10b, id: \"minecraft:copper_block\"}, {count: 64, Slot: 11b, id: \"minecraft:copper_block\"}, {count: 64, Slot: 12b, id: \"minecraft:copper_block\"}, {count: 64, Slot: 13b, id: \"minecraft:copper_block\"}, {count: 64, Slot: 14b, id: \"minecraft:copper_block\"}, {count: 64, Slot: 15b, id: \"minecraft:copper_block\"}, {count: 64, Slot: 16b, id: \"minecraft:copper_block\"}, {count: 64, Slot: 17b, id: \"minecraft:copper_block\"}, {count: 64, Slot: 18b, id: \"minecraft:copper_block\"}, {count: 64, Slot: 19b, id: \"minecraft:copper_block\"}, {count: 64, Slot: 20b, id: \"minecraft:copper_block\"}, {count: 64, Slot: 21b, id: \"minecraft:copper_block\"}, {count: 64, Slot: 22b, id: \"minecraft:copper_block\"}, {count: 64, Slot: 23b, id: \"minecraft:copper_block\"}, {count: 64, Slot: 24b, id: \"minecraft:copper_block\"}, {count: 64, Slot: 25b, id: \"minecraft:copper_block\"}, {count: 64, Slot: 26b, id: \"minecraft:copper_block\"}]}"
                }
              }
            }
          }
        ]
      }
    }
  },
  "rewards": {
    "function": "bacaped_rewards:mining/copper_king"
  }
}