{
  "display": {
    "icon": {
      "id": "minecraft:netherite_pickaxe"
    },
    "title": {
      "translate": "Reinforced Miner"
    },
    "description": {
      "translate": "Mine one block of reinforced deepslate",
      "color": "#75E1FF"
    },
    "frame": "goal",
    "announce_to_chat": true
  },
  "parent": "blazeandcave:mining/fallen_kingdom",
  "criteria": {
    "break_reinforced_deepslate": {
      "trigger": "minecraft:location",
      "conditions": {
        "player": {
          "type_specific": {
            "type": "player",
            "stats": [
              {
                "type": "minecraft:mined",
                "stat": "minecraft:reinforced_deepslate",
                "value": {
                  "min": 1
                }
              }
            ]
          }
        }
      }
    }
  },
  "rewards": {
    "function": "bacaped_rewards:mining/reinforced_miner"
  }
}