{
    "display": {
        "icon": {
            "id": "minecraft:red_candle"
        },
        "title": "You are already Dead",
        "description": {"color":"black","text":"Play for a Full Century","extra":[{"text":"\n\n"},{"italic":true,"color":"dark_gray","translate":"To view progress, run:"},{"color":"gray","text":"\n/trigger bac_statistics"}]},
		"frame": "challenge"
    },
    "parent": "blackbirds_torture_chamber:technical/invisible/invisible_for_100_years2",
    "criteria": {
        "trigger": {
            "trigger": "minecraft:impossible"
        }
    },
	"rewards": {
		"function": "blackbirds_torture_chamber:rewards/stats/100_years"
	}
}