{
    "display": {
        "icon": {
            "id": "minecraft:damaged_anvil"
        },
        "title": "223,380 Dragons worth of Exp",
        "description": {"color":"black","text":"Reach 5000 Experience Levels"},
        "frame": "challenge"
    },
    "parent": "blackbirds_torture_chamber:technical/invisible/invisible_for_5000_levels2",
    "criteria": {
        "trigger": {
            "trigger": "minecraft:location",
            "conditions": {
                "player": {
                    "type_specific": {
                        "type": "player",
						"level": {
							"min": 5000
						}
                    }
                }
            }
        }
    },
	"rewards": {
		"function": "blackbirds_torture_chamber:rewards/stats/5000_levels"
	}
}