{
    "display": {
        "icon": {
            "id": "minecraft:honey_bottle"
        },
        "title": "( ͡O ͜ʖ ͡O)",
        "description": {"color":"black","text":"Breed 25,000 Animals"},
		"frame": "challenge"
    },
    "parent": "blackbirds_torture_chamber:technical/invisible/invisible_for_breed_250002",		
    "criteria": {
        "trigger": {
			"trigger": "minecraft:location",
			"conditions": {
				"player":  {
					"type_specific": {
						"type": "player",
						"stats": [
							{
								"type": "minecraft:custom",
								"stat": "minecraft:animals_bred",
								"value": {
									"min": 25000
								}
							}
						]
					}
				}
			}
		}
    },
	"rewards": {
		"function": "blackbirds_torture_chamber:rewards/stats/breed_25000"
	}
}