{
    "display": {
        "icon": {
            "id": "minecraft:rabbit"
        },
        "title": "( ͡o ͜ʖ ͡o)",
        "description": {"color":"#8b00e8","text":"Breed 10,000 Animals"},
		"frame": "challenge"
    },
    "parent": "blackbirds_torture_chamber:stats/breed_5000",		
    "criteria": {
        "trigger": {
			"trigger": "minecraft:location",
			"conditions": {
				"player":  {
					"type_specific": {
						"type": "player",
						"stats": [
							{
								"type": "minecraft:custom",
								"stat": "minecraft:animals_bred",
								"value": {
									"min": 10000
								}
							}
						]
					}
				}
			}
		}
    },
	"rewards": {
		"function": "blackbirds_torture_chamber:rewards/stats/breed_10000"
	}
}