{
	"display": {
		"icon": {
			"id": "minecraft:cake"
		},
		"title": {"translate":"I'm not Fat, you're Fat."},
		"description": {"color":"black","translate":"Eat 50.000 Food Items","extra":[{"text":"\n\n"},{"italic":true,"color":"dark_gray","translate":"To view progress, run:"},{"color":"gray","text":"\n/trigger bac_statistics"}]},
		"announce_to_chat": true,
		"frame": "challenge"
	},
	"parent": "blackbirds_torture_chamber:technical/invisible/invisible_for_eat_50k2",
	"rewards": {
		"function": "blackbirds_torture_chamber:rewards/stats/eat_50k"
	},		
	"criteria": {
		"trigger": {
			"trigger": "minecraft:impossible"
		}
	}
}