{
	"display": {
		"icon": {
			"id": "minecraft:cooked_beef"
		},
		"title": {"translate":"Food is Love, Food is Life"},
		"description": {"color":"dark_red","translate":"Eat 10,000 Food Items","extra":[{"text":"\n\n"},{"italic":true,"color":"dark_gray","translate":"To view progress, run:"},{"color":"gray","text":"\n/trigger bac_statistics"}]},
		"announce_to_chat": true,
		"frame": "challenge"
	},
	"parent": "blazeandcave:statistics/food_glorious_food",
	"rewards": {
		"function": "blackbirds_torture_chamber:rewards/stats/eat_10k"
	},		
	"criteria": {
		"trigger": {
			"trigger": "minecraft:impossible"
		}
	}
}