{
    "display": {
        "icon": {
            "id": "minecraft:enchanted_book",
            "components": {
              "minecraft:enchantment_glint_override": true
            }
        },
        "title": "Dead Enchanter",
        "description": {"color":"black","text":"Enchant 10,000 Items"},
		"frame": "challenge"
    },
    "parent": "blackbirds_torture_chamber:technical/invisible/invisible_for_enchant_100002",
    "criteria": {
        "trigger": {
			"trigger": "minecraft:location",
			"conditions": {
				"player":  {
					"type_specific": {
						"type": "player",
						"stats": [
							{
								"type": "minecraft:custom",
								"stat": "minecraft:enchant_item",
								"value": {
									"min": 10000
								}
							}
						]
					}
				}
			}
		}
    },
	"rewards": {
		"function": "blackbirds_torture_chamber:rewards/stats/enchant_10000"
	}
}