{
    "display": {
        "icon": {
            "id": "minecraft:netherite_pickaxe",
            "components": {
              "minecraft:enchantment_glint_override": true
            }
        },
        "title": "Very Elderly Enchanter",
        "description": {"color":"dark_red","text":"Enchant 1000 Items"},
		"frame": "challenge"
    },
    "parent": "blazeandcave:statistics/elderly_enchanter",
    "criteria": {
        "trigger": {
			"trigger": "minecraft:location",
			"conditions": {
				"player":  {
					"type_specific": {
						"type": "player",
						"stats": [
							{
								"type": "minecraft:custom",
								"stat": "minecraft:enchant_item",
								"value": {
									"min": 1000
								}
							}
						]
					}
				}
			}
		}
    },
	"rewards": {
		"function": "blackbirds_torture_chamber:rewards/stats/enchant_1000"
	}
}