{
    "display": {
        "icon": {
            "id": "fishing_rod",
            "components": {
              "minecraft:enchantment_glint_override": true
            }
        },
        "title": "Get some Help",
        "description": {"color":"black","text":"Fish 50,000 Items"},
        "frame": "challenge"
    },
    "parent": "blackbirds_torture_chamber:technical/invisible/invisible_for_fish_50k2",
    "criteria": {
        "trigger": {
            "trigger": "minecraft:impossible"
        }
    },
	"rewards": {
		"function": "blackbirds_torture_chamber:rewards/stats/fish_50k"
	}
}