{
    "display": {
        "icon": {
            "id": "minecraft:firework_star"
        },
        "title": "Are you a Plane?",
        "description": {"color":"#8b00e8","text":"Fly 10,000km with Elytra"},
		"frame": "challenge"
    },
    "parent": "blackbirds_torture_chamber:stats/fly_5000",	
    "criteria": {
        "trigger": {
			"trigger": "minecraft:location",
			"conditions": {
				"player":  {
					"type_specific": {
						"type": "player",
						"stats": [
							{
								"type": "minecraft:custom",
								"stat": "minecraft:aviate_one_cm",
								"value": {
									"min": 1000000000
								}
							}
						]
					}
				}
			}
		}
    },
	"rewards": {
		"function": "blackbirds_torture_chamber:rewards/stats/fly_10000"
	}
}