{
    "display": {
        "icon": {
            "id": "minecraft:purpur_block"
        },
        "title": "Are you a Bird?",
        "description": {"color":"dark_red","text":"Fly 5000km with Elytra"},
		"frame": "challenge"
    },
    "parent": "blazeandcave:statistics/frequent_flyer",	
    "criteria": {
        "trigger": {
			"trigger": "minecraft:location",
			"conditions": {
				"player":  {
					"type_specific": {
						"type": "player",
						"stats": [
							{
								"type": "minecraft:custom",
								"stat": "minecraft:aviate_one_cm",
								"value": {
									"min": 500000000
								}
							}
						]
					}
				}
			}
		}
    },
	"rewards": {
		"function": "blackbirds_torture_chamber:rewards/stats/fly_5000"
	}
}