{
	"display": {
		"icon": {
			"id": "minecraft:magenta_harness"
		},
		"title": {"translate":"Happy Stroll"},
		"description": {"color":"dark_red","translate":"Ride 50km on a Happy Ghast"},
		"announce_to_chat": true,
		"frame": "challenge"
	},
	"parent": "blazeandcave:statistics/big_blimp_enthusiast",
	"rewards": {
		"function": "blackbirds_torture_chamber:rewards/stats/happy_ghast_50"
	},		
	"criteria": {
		"trigger": {
			"trigger": "minecraft:location",
			"conditions": {
				"player":  {
					"type_specific": {
						"type": "player",
						"stats": [
							{
								"type": "minecraft:custom",
								"stat": "minecraft:happy_ghast_one_cm",
								"value": {
									"min": 5000000
								}
							}
						]
					}
				}
			}
		}
	}
}