{
	"display": {
		"icon": {
			"id": "minecraft:black_harness"
		},
		"title": {"translate":"Happy it's done"},
		"description": {"color":"black","translate":"Ride 250km on a Happy Ghast"},
		"announce_to_chat": true,
		"frame": "challenge"
	},
	"parent": "blackbirds_torture_chamber:technical/invisible/invisible_for_happy_ghast_2502",
	"rewards": {
		"function": "blackbirds_torture_chamber:rewards/stats/happy_ghast_250"
	},		
	"criteria": {
		"trigger": {
			"trigger": "minecraft:location",
			"conditions": {
				"player":  {
					"type_specific": {
						"type": "player",
						"stats": [
							{
								"type": "minecraft:custom",
								"stat": "minecraft:happy_ghast_one_cm",
								"value": {
									"min": 25000000
								}
							}
						]
					}
				}
			}
		}
	}
}