{
    "display": {
        "icon": {
            "id": "minecraft:wither_skeleton_skull"
        },
        "title": "Constable Clomper",
        "description": {"color":"#8b00e8","text":"Ride 250km on a Horse"},
		"frame": "challenge"
    },
    "parent": "blackbirds_torture_chamber:stats/horse_100",
    "criteria": {
        "trigger": {
			"trigger": "minecraft:location",
			"conditions": {
				"player":  {
					"type_specific": {
						"type": "player",
						"stats": [
							{
								"type": "minecraft:custom",
								"stat": "minecraft:horse_one_cm",
								"value": {
									"min": 25000000
								}
							}
						]
					}
				}
			}
		}
    },
	"rewards": {
		"function": "blackbirds_torture_chamber:rewards/stats/horse_250"
	}
}