{
    "display": {
        "icon": {
            "id": "minecraft:saddle"
        },
        "title": "YEEEEEE-HAAAAAW",
        "description": {"color":"black","text":"Ride 500km on a Horse"},
		"frame": "challenge"
    },
    "parent": "blackbirds_torture_chamber:technical/invisible/invisible_for_horse_5002",
    "criteria": {
        "trigger": {
			"trigger": "minecraft:location",
			"conditions": {
				"player":  {
					"type_specific": {
						"type": "player",
						"stats": [
							{
								"type": "minecraft:custom",
								"stat": "minecraft:horse_one_cm",
								"value": {
									"min": 50000000
								}
							}
						]
					}
				}
			}
		}
    },
	"rewards": {
		"function": "blackbirds_torture_chamber:rewards/stats/horse_500"
	}
}