{
    "display": {
        "icon": {
            "id": "minecraft:slime_block"
        },
        "title": "Trampoline",
        "description": {"color":"dark_red","text":"Jump 250,000 Times"},
		"frame": "challenge"
    },
    "parent": "blazeandcave:statistics/jumping_jacks",		
    "criteria": {
        "trigger": {
			"trigger": "minecraft:location",
			"conditions": {
				"player":  {
					"type_specific": {
						"type": "player",
						"stats": [
							{
								"type": "minecraft:custom",
								"stat": "minecraft:jump",
								"value": {
									"min": 250000
								}
							}
						]
					}
				}
			}
		}
    },
	"rewards": {
		"function": "blackbirds_torture_chamber:rewards/stats/jump_250k"
	}
}