{
    "display": {
        "icon": {
            "id": "minecraft:rabbit_foot"
        },
        "title": "Trampoline in your Step",
        "description": {"color":"#8b00e8","text":"Jump 500,000 Times"},
		"frame": "challenge"
    },
    "parent": "blackbirds_torture_chamber:stats/jump_250k",		
    "criteria": {
        "trigger": {
			"trigger": "minecraft:location",
			"conditions": {
				"player":  {
					"type_specific": {
						"type": "player",
						"stats": [
							{
								"type": "minecraft:custom",
								"stat": "minecraft:jump",
								"value": {
									"min": 500000
								}
							}
						]
					}
				}
			}
		}
    },
	"rewards": {
		"function": "blackbirds_torture_chamber:rewards/stats/jump_500k"
	}
}