{
    "display": {
        "icon": {
            "id": "minecraft:potion",
			"components": {
				"minecraft:potion_contents": "leaping"
			}
        },
        "title": "Trampolout",
        "description": {"color":"black","text":"Jump 1 Million Times"},
		"frame": "challenge"
    },
    "parent": "blackbirds_torture_chamber:technical/invisible/invisible_for_jump_1_mil2",		
    "criteria": {
        "trigger": {
			"trigger": "minecraft:location",
			"conditions": {
				"player":  {
					"type_specific": {
						"type": "player",
						"stats": [
							{
								"type": "minecraft:custom",
								"stat": "minecraft:jump",
								"value": {
									"min": 1000000
								}
							}
						]
					}
				}
			}
		}
    },
	"rewards": {
		"function": "blackbirds_torture_chamber:rewards/stats/jump_1_mil"
	}
}