{
    "display": {
        "icon": {
            "id": "minecraft:wooden_sword"
        },
        "title": "Burn or save your Soul",
        "description": {"color":"black","text":"Defeat 250,000 Mobs"},
		"frame": "challenge"
    },
    "parent": "blackbirds_torture_chamber:technical/invisible/invisible_for_kill_250k_mobs2",	
    "criteria": {
        "trigger": {
			"trigger": "minecraft:location",
			"conditions": {
				"player":  {
					"type_specific": {
						"type": "player",
						"stats": [
							{
								"type": "minecraft:custom",
								"stat": "minecraft:mob_kills",
								"value": {
									"min": 250000
								}
							}
						]
					}
				}
			}
		}
    },
	"rewards": {
		"function": "blackbirds_torture_chamber:rewards/stats/kill_250k_mobs"
	}
}