{
    "display": {
        "icon": {
            "id": "minecraft:netherite_sword"
        },
        "title": "Rock or let roll",
        "description": {"color":"#8b00e8","text":"Defeat 100,000 Mobs"},
		"frame": "challenge"
    },
    "parent": "blackbirds_torture_chamber:stats/kill_50k_mobs",	
    "criteria": {
        "trigger": {
			"trigger": "minecraft:location",
			"conditions": {
				"player":  {
					"type_specific": {
						"type": "player",
						"stats": [
							{
								"type": "minecraft:custom",
								"stat": "minecraft:mob_kills",
								"value": {
									"min": 100000
								}
							}
						]
					}
				}
			}
		}
    },
	"rewards": {
		"function": "blackbirds_torture_chamber:rewards/stats/kill_100k_mobs"
	}
}