{
    "display": {
        "icon": {
            "id": "minecraft:spruce_leaves"
        },
        "title": "10 Leaves",
        "description": {"color":"#75E1FF","text":"Leave the Game 10 Times"},
        "frame": "goal"
    },
    "parent": "blackbirds_torture_chamber:stats/leave_1",
    "criteria": {
        "trigger": {
			"trigger": "minecraft:location",
			"conditions": {
				"player":  {
					"type_specific": {
						"type": "player",
						"stats": [
							{
								"type": "minecraft:custom",
								"stat": "minecraft:leave_game",
								"value": {
									"min": 10
								}
							}
						]
					}
				}
			}
		}
    },
	"rewards": {
		"function": "blackbirds_torture_chamber:rewards/stats/leave_10"
	}
}