{
    "display": {
        "icon": {
            "id": "minecraft:acacia_leaves"
        },
        "title": "2 Shulkers + 24 Stacks + 8",
        "description": {"color":"#8b00e8","text":"Leave the game 5000 times"},
        "frame": "challenge"
    },
    "parent": "blackbirds_torture_chamber:stats/leave_1000",
    "criteria": {
        "trigger": {
			"trigger": "minecraft:location",
			"conditions": {
				"player":  {
					"type_specific": {
						"type": "player",
						"stats": [
							{
								"type": "minecraft:custom",
								"stat": "minecraft:leave_game",
								"value": {
									"min": 5000
								}
							}
						]
					}
				}
			}
		}
    },
	"rewards": {
		"function": "blackbirds_torture_chamber:rewards/stats/leave_5000"
	}
}