{
    "display": {
        "icon": {
            "id": "minecraft:oak_leaves"
        },
        "title": "RAGE QUIT",
        "description": "Leave the Game Once"
    },
    "parent": "blazeandcave:statistics/root",
    "criteria": {
        "trigger": {
			"trigger": "minecraft:location",
			"conditions": {
				"player":  {
					"type_specific": {
						"type": "player",
						"stats": [
							{
								"type": "minecraft:custom",
								"stat": "minecraft:leave_game",
								"value": {
									"min": 1
								}
							}
						]
					}
				}
			}
		}
    },
	"rewards": {
		"function": "blackbirds_torture_chamber:rewards/stats/leave_1"
	}
}