{
    "display": {
        "icon": {
            "id": "minecraft:dark_oak_leaves"
        },
        "title": "1 Stack + 36",
        "description": "Leave the Game 100 Times",
        "frame": "challenge"
    },
    "parent": "blackbirds_torture_chamber:stats/leave_10",
    "criteria": {
        "trigger": {
			"trigger": "minecraft:location",
			"conditions": {
				"player":  {
					"type_specific": {
						"type": "player",
						"stats": [
							{
								"type": "minecraft:custom",
								"stat": "minecraft:leave_game",
								"value": {
									"min": 100
								}
							}
						]
					}
				}
			}
		}
    },
	"rewards": {
		"function": "blackbirds_torture_chamber:rewards/stats/leave_100"
	}
}