{
	"display": {
		"icon": {
			"id": "minecraft:flint_and_steel"
		},
		"title": {"translate":"100GB World"},
		"description": {"color":"black","translate":"Open 10,000 Loot Chests","extra":[{"text":"\n\n"},{"italic":true,"color":"dark_gray","translate":"To view progress, run:"},{"color":"gray","text":"\n/trigger bac_statistics"}]},
		"announce_to_chat": true,
		"frame": "challenge"
	},
	"parent": "blackbirds_torture_chamber:technical/invisible/invisible_for_loot_100002",
	"rewards": {
		"function": "blackbirds_torture_chamber:rewards/stats/loot_10000"
	},		
	"criteria": {
		"trigger": {
			"trigger": "minecraft:impossible"
		}
	}
}