{
	"display": {
		"icon": {
			"id": "minecraft:ender_chest"
		},
		"title": {"translate":"He's a Pirate"},
		"description": {"color":"#8b00e8","translate":"Open 5000 §mLoot§m ","extra":[{"color":"#8b00e8","translate":"Treasure Chests\n\n"},{"italic":true,"color":"dark_gray","translate":"To view progress, run:"},{"color":"gray","text":"\n/trigger bac_statistics"}]},
		"announce_to_chat": true,
		"frame": "challenge"
	},
	"parent": "blackbirds_torture_chamber:stats/loot_1000",
	"rewards": {
		"function": "blackbirds_torture_chamber:rewards/stats/loot_5000"
	},		
	"criteria": {
		"trigger": {
			"trigger": "minecraft:impossible"
		}
	}
}