{
    "display": {
        "icon": {
            "id": "minecraft:gunpowder"
        },
        "title": "And eventually it'll turn to Ashes",
        "description": {"color":"black","text":"Ride 250km on a Pig"},
		"frame": "challenge"
    },
    "parent": "blackbirds_torture_chamber:technical/invisible/invisible_for_pig_2502",
    "criteria": {
        "trigger": {
			"trigger": "minecraft:location",
			"conditions": {
				"player":  {
					"type_specific": {
						"type": "player",
						"stats": [
							{
								"type": "minecraft:custom",
								"stat": "minecraft:pig_one_cm",
								"value": {
									"min": 25000000
								}
							}
						]
					}
				}
			}
		}
    },
	"rewards": {
		"function": "blackbirds_torture_chamber:rewards/stats/pig_250"
	}
}