{
    "display": {
        "icon": {
            "id": "minecraft:bell",
            "components": {
              "minecraft:enchantment_glint_override": true
            }
        },
        "title": "It's all I hear",
        "description": {"color":"black","text":"Ring Bells 10 Million Times"},
		"frame": "challenge"
    },
    "parent": "blackbirds_torture_chamber:technical/invisible/invisible_for_ring_100000002",
    "criteria": {
        "trigger": {
			"trigger": "minecraft:location",
			"conditions": {
				"player":  {
					"type_specific": {
						"type": "player",
						"stats": [
							{
								"type": "minecraft:custom",
								"stat": "minecraft:bell_ring",
								"value": {
									"min": 10000000
								}
							}
						]
					}
				}
			}
		}
    },
	"rewards": {
		"function": "blackbirds_torture_chamber:rewards/stats/ring_10000000"
	}
}