{
    "display": {
        "icon": {
            "id": "minecraft:stick"
        },
        "title": "Ding, Ding, Ding!",
        "description": "Ring Bells 100 Times",
		"frame": "task"
    },
    "parent": "blazeandcave:statistics/root",
    "criteria": {
        "trigger": {
			"trigger": "minecraft:location",
			"conditions": {
				"player":  {
					"type_specific": {
						"type": "player",
						"stats": [
							{
								"type": "minecraft:custom",
								"stat": "minecraft:bell_ring",
								"value": {
									"min": 100
								}
							}
						]
					}
				}
			}
		}
    },
	"rewards": {
		"function": "blackbirds_torture_chamber:rewards/stats/ring_100"
	}
}