{
    "display": {
        "icon": {
            "id": "minecraft:bell"
        },
        "title": "Can't stop hearing it",
        "description": "Ring Bells 10,000 Times",
		"frame": "challenge"
    },
    "parent": "blackbirds_torture_chamber:stats/ring_1000",
    "criteria": {
        "trigger": {
			"trigger": "minecraft:location",
			"conditions": {
				"player":  {
					"type_specific": {
						"type": "player",
						"stats": [
							{
								"type": "minecraft:custom",
								"stat": "minecraft:bell_ring",
								"value": {
									"min": 10000
								}
							}
						]
					}
				}
			}
		}
    },
	"rewards": {
		"function": "blackbirds_torture_chamber:rewards/stats/ring_10000"
	}
}