{
    "display": {
        "icon": {
            "id": "minecraft:redstone"
        },
        "title": "Are your Ears bleeding yet?",
        "description": {"color":"dark_red","text":"Ring Bells 100,000 Times"},
		"frame": "challenge"
    },
    "parent": "blackbirds_torture_chamber:stats/ring_10000",
    "criteria": {
        "trigger": {
			"trigger": "minecraft:location",
			"conditions": {
				"player":  {
					"type_specific": {
						"type": "player",
						"stats": [
							{
								"type": "minecraft:custom",
								"stat": "minecraft:bell_ring",
								"value": {
									"min": 100000
								}
							}
						]
					}
				}
			}
		}
    },
	"rewards": {
		"function": "blackbirds_torture_chamber:rewards/stats/ring_100000"
	}
}