{
    "display": {
        "icon": {
            "id": "minecraft:birch_boat"
        },
        "title": "Captain Jack Sparrow",
        "description": {"color":"black","text":"Sail 500km in a Boat"},
		"frame": "challenge"
    },
    "parent": "blackbirds_torture_chamber:technical/invisible/invisible_for_sail_5002",	
    "criteria": {
        "trigger": {
			"trigger": "minecraft:location",
			"conditions": {
				"player":  {
					"type_specific": {
						"type": "player",
						"stats": [
							{
								"type": "minecraft:custom",
								"stat": "minecraft:boat_one_cm",
								"value": {
									"min": 50000000
								}
							}
						]
					}
				}
			}
		}
    },
	"rewards": {
		"function": "blackbirds_torture_chamber:rewards/stats/sail_500"
	}
}