{
    "display": {
        "icon": {
            "id": "minecraft:jungle_boat"
        },
        "title": "Captain Barbossa",
        "description": {"color":"dark_red","text":"Sail 100km in a Boat"},
		"frame": "challenge"
    },
    "parent": "blazeandcave:statistics/sailor_of_the_seven_seas",	
    "criteria": {
        "trigger": {
			"trigger": "minecraft:location",
			"conditions": {
				"player":  {
					"type_specific": {
						"type": "player",
						"stats": [
							{
								"type": "minecraft:custom",
								"stat": "minecraft:boat_one_cm",
								"value": {
									"min": 10000000
								}
							}
						]
					}
				}
			}
		}
    },
	"rewards": {
		"function": "blackbirds_torture_chamber:rewards/stats/sail_100"
	}
}