{
    "display": {
        "icon": {
            "id": "minecraft:structure_void"
        },
        "title": "I'm Invisiblest",
        "description": {"color":"black","text":"Sneak 250km"},
		"frame": "challenge"
    },
    "parent": "blackbirds_torture_chamber:technical/invisible/invisible_for_sneak_2502",
    "criteria": {
        "trigger": {
			"trigger": "minecraft:location",
			"conditions": {
				"player":  {
					"type_specific": {
						"type": "player",
						"stats": [
							{
								"type": "minecraft:custom",
								"stat": "minecraft:crouch_one_cm",
								"value": {
									"min": 25000000
								}
							}
						]
					}
				}
			}
		}
    },
	"rewards": {
		"function": "blackbirds_torture_chamber:rewards/stats/sneak_250"
	}
}