{
    "display": {
        "icon": {
            "id": "minecraft:potion",
            "components": {
                "minecraft:potion_contents": {
                    "potion": "minecraft:invisibility"
                }
            }
        },
        "title": "I'm Invisible",
        "description": {"color":"dark_red","text":"Sneak 50km"},
		"frame": "challenge"
    },
    "parent": "blazeandcave:statistics/ancient_kung_fu_master",
    "criteria": {
        "sneak_50km": {
			"trigger": "minecraft:location",
			"conditions": {
				"player":  {
					"type_specific": {
						"type": "player",
						"stats": [
							{
								"type": "minecraft:custom",
								"stat": "minecraft:crouch_one_cm",
								"value": {
									"min": 5000000
								}
							}
						]
					}
				}
			}
		}
    },
	"rewards": {
		"function": "blackbirds_torture_chamber:rewards/stats/sneak_50"
	}
}