{
    "display": {
        "icon": {
            "id": "minecraft:sunflower"
        },
        "title": "Sonic Speed!",
        "description": {"color":"#8b00e8","text":"Sprint 5000km"},
		"frame": "challenge"
    },
    "parent": "blackbirds_torture_chamber:stats/sprint_1000",	
   "criteria": {
        "trigger": {
			"trigger": "minecraft:location",
			"conditions": {
				"player":  {
					"type_specific": {
						"type": "player",
						"stats": [
							{
								"type": "minecraft:custom",
								"stat": "minecraft:sprint_one_cm",
								"value": {
									"min": 500000000
								}
							}
						]
					}
				}
			}
		}
    },
	"rewards": {
		"function": "blackbirds_torture_chamber:rewards/stats/sprint_5000"
	}
}