{
    "display": {
        "icon": {
            "id": "minecraft:barrier"
        },
        "title": "Stop it, get some help",
        "description": {"color":"black","text":"Sprint 10,000 km"},
		"frame": "challenge"
    },
    "parent": "blackbirds_torture_chamber:technical/invisible/invisible_for_sprint_10k2",	
   "criteria": {
        "trigger": {
			"trigger": "minecraft:location",
			"conditions": {
				"player":  {
					"type_specific": {
						"type": "player",
						"stats": [
							{
								"type": "minecraft:custom",
								"stat": "minecraft:sprint_one_cm",
								"value": {
									"min": 1000000000
								}
							}
						]
					}
				}
			}
		}
    },
	"rewards": {
		"function": "blackbirds_torture_chamber:rewards/stats/sprint_10k"
	}
}