{
    "display": {
        "icon": {
            "id": "minecraft:saddle"
        },
        "title": "Master AFKer",
        "description": {"color":"black","text":"Ride 250km on a Strider"},
		"frame": "challenge"
    },	
    "parent": "blackbirds_torture_chamber:technical/invisible/invisible_for_stride_2502",	
    "criteria": {
        "trigger": {
			"trigger": "minecraft:location",
			"conditions": {
				"player":  {
					"type_specific": {
						"type": "player",
						"stats": [
							{
								"type": "minecraft:custom",
								"stat": "minecraft:strider_one_cm",
								"value": {
									"min": 25000000
								}
							}
						]
					}
				}
			}
		}
    },
	"rewards": {
		"function": "blackbirds_torture_chamber:rewards/stats/stride_250"
	}
}