{
    "display": {
        "icon": {
            "id": "minecraft:lead"
        },
        "title": "Get Macro Time here",
        "description": {"color":"#8b00e8","text":"Ride 100km on a Strider"},
		"frame": "challenge"
    },
    "parent": "blackbirds_torture_chamber:stats/stride_50",
    "criteria": {
		"trigger": {
			"trigger": "minecraft:location",
			"conditions": {
				"player":  {
					"type_specific": {
						"type": "player",
						"stats": [
							{
								"type": "minecraft:custom",
								"stat": "minecraft:strider_one_cm",
								"value": {
									"min": 10000000
								}
							}
						]
					}
				}
			}
		}
    },
	"rewards": {
		"function": "blackbirds_torture_chamber:rewards/stats/stride_100"
	}
}