{
    "display": {
        "icon": {
            "id": "minecraft:warped_fungus"
        },
        "title": "Stride Time",
        "description": {"color":"dark_red","text":"Ride 50km on a Strider"},
		"frame": "challenge"
    },
    "parent": "blazeandcave:statistics/this_ride_is_lit_yo",
    "criteria": {
        "trigger": {
			"trigger": "minecraft:location",
			"conditions": {
				"player":  {
					"type_specific": {
						"type": "player",
						"stats": [
							{
								"type": "minecraft:custom",
								"stat": "minecraft:strider_one_cm",
								"value": {
									"min": 5000000
								}
							}
						]
					}
				}
			}
		}
    },
	"rewards": {
		"function": "blackbirds_torture_chamber:rewards/stats/stride_50"
	}
}