{
    "display": {
        "icon": {
            "id": "minecraft:water_bucket"
        },
        "title": "It can all fit in this Bucket",
        "description": {"color":"dark_red","text":"Swim 250km"},
        "frame": "challenge"
    },
    "parent": "blazeandcave:statistics/olympic_gold_medallist",
    "criteria": {
        "trigger": {
			"trigger": "minecraft:location",
			"conditions": {
				"player":  {
					"type_specific": {
						"type": "player",
						"stats": [
							{
								"type": "minecraft:custom",
								"stat": "minecraft:swim_one_cm",
								"value": {
									"min": 25000000
								}
							}
						]
					}
				}
			}
		}
    },
	"rewards": {
		"function": "blackbirds_torture_chamber:rewards/stats/swim_250"
	}
}