{
    "display": {
        "icon": {
            "id": "minecraft:cod"
        },
        "title": "§lYou are the Fish",
        "description": {"color":"black","text":"Swim 1000km"},
        "frame": "challenge"
    },
    "parent": "blackbirds_torture_chamber:technical/invisible/invisible_for_swim_10002",
    "criteria": {
        "trigger": {
			"trigger": "minecraft:location",
			"conditions": {
				"player":  {
					"type_specific": {
						"type": "player",
						"stats": [
							{
								"type": "minecraft:custom",
								"stat": "minecraft:swim_one_cm",
								"value": {
									"min": 100000000
								}
							}
						]
					}
				}
			}
		}
    },
	"rewards": {
		"function": "blackbirds_torture_chamber:rewards/stats/swim_1000"
	}
}