{
    "display": {
        "icon": {
            "id": "minecraft:pumpkin"
        },
        "title": "MEGA STONKS!",
        "description": {"color":"dark_red","text":"Trade with Villagers 10,000 Times"},
		"frame": "challenge"
    },
    "parent": "blazeandcave:statistics/stonks",	
    "criteria": {
        "trigger": {
			"trigger": "minecraft:location",
			"conditions": {
				"player":  {
					"type_specific": {
						"type": "player",
						"stats": [
							{
								"type": "minecraft:custom",
								"stat": "minecraft:traded_with_villager",
								"value": {
									"min": 10000
								}
							}
						]
					}
				}
			}
		}
    },
	"rewards": {
		"function": "blackbirds_torture_chamber:rewards/stats/trade_10000"
	}
}