{
    "display": {
        "icon": {
            "id": "minecraft:melon"
        },
        "title": "ULTRA STONKS!",
        "description": {"color":"#8b00e8","text":"Trade with Villagers 50,000 Times"},
		"frame": "challenge"
    },
    "parent": "blackbirds_torture_chamber:stats/trade_10000",	
    "criteria": {
        "trigger": {
			"trigger": "minecraft:location",
			"conditions": {
				"player":  {
					"type_specific": {
						"type": "player",
						"stats": [
							{
								"type": "minecraft:custom",
								"stat": "minecraft:traded_with_villager",
								"value": {
									"min": 50000
								}
							}
						]
					}
				}
			}
		}
    },
	"rewards": {
		"function": "blackbirds_torture_chamber:rewards/stats/trade_50k"
	}
}