{
    "display": {
        "icon": {
            "id": "minecraft:glass"
        },
        "title": "UBER STONKS!",
        "description": {"color":"black","text":"Trade with Villagers 250,000 Times"},
		"frame": "challenge"
    },
    "parent": "blackbirds_torture_chamber:technical/invisible/invisible_for_trade_250k2",
    "criteria": {
        "trigger": {
			"trigger": "minecraft:location",
			"conditions": {
				"player":  {
					"type_specific": {
						"type": "player",
						"stats": [
							{
								"type": "minecraft:custom",
								"stat": "minecraft:traded_with_villager",
								"value": {
									"min": 250000
								}
							}
						]
					}
				}
			}
		}
    },
	"rewards": {
		"function": "blackbirds_torture_chamber:rewards/stats/trade_250k"
	}
}