{
    "display": {
        "icon": {
            "id": "minecraft:golden_boots"
        },
        "title": "The Statistics Tab SHALL be",
        "description": {"color":"#8b00e8","text":"Walk 5000km"},
		"frame": "challenge"
    },
    "parent": "blazeandcave:statistics/65_hours_of_walking",		
    "criteria": {
		"trigger": {
			"trigger": "minecraft:location",
			"conditions": {
				"player": {
					"type_specific": {
						"type": "player",
						"stats": [
							{
								"type": "minecraft:custom",
								"stat": "minecraft:walk_one_cm",
								"value": {
									"min": 5000000000
								}
							}
						]
					}
				}
			}
		}
	},
	"rewards": {
		"function": "blackbirds_torture_chamber:rewards/stats/walk_5000"
	}
}