{
    "display": {
        "icon": {
            "id": "minecraft:netherite_boots"
        },
        "title": "The Grindy Super Challenges Tab",
        "description": {
            "color": "black",
            "text": "Walk 10,000 km"
        },
        "frame": "challenge"
    },
    "parent": "blackbirds_torture_chamber:technical/invisible/invisible_for_walk_10k2",
   "criteria": {
		"trigger": {
			"trigger": "minecraft:location",
			"conditions": {
				"player": {
					"type_specific": {
						"type": "player",
						"stats": [
							{
								"type": "minecraft:custom",
								"stat": "minecraft:walk_one_cm",
								"value": {
									"min": 10000000000
								}
							}
						]
					}
				}
			}
		}
	},
    "rewards": {
        "function": "blackbirds_torture_chamber:rewards/stats/walk_10k"
    }
}