{
    "display": {
        "icon": {
            "id": "minecraft:cauldron",
            "components": {
              "minecraft:enchantment_glint_override": true
            }
        },
        "title": "Electrolux-EFLS627U",
        "description": {"color":"dark_red","text":"Wash 1000 Items"},
        "frame": "challenge"
    },
    "parent": "blackbirds_torture_chamber:stats/wash_250",
    "criteria": {
        "trigger": {
            "trigger": "minecraft:impossible"
        }
    },
	"rewards": {
		"function": "blackbirds_torture_chamber:rewards/stats/wash_1000"
	}
}