{
  "display": {
    "icon": {
      "id": "minecraft:chorus_flower",
      "components": {
        "minecraft:enchantment_glint_override": true
      }
    },
    "title": {
      "translate": "Endergardener"
    },
    "description": {
      "translate": "Plant 100 chorus flowers",
      "color": "#75E1FF"
    },
    "frame": "goal",
    "announce_to_chat": true,
    "hidden": false
  },
  "parent": "blazeandcave:end/extrabiologist",
  "criteria": {
    "trigger": {
      "trigger": "minecraft:placed_block",
      "conditions": {
        "location": [
          {
            "condition": "minecraft:entity_properties",
            "entity": "this",
            "predicate": {
              "type_specific": {
                "type": "player",
                "stats": [
                  {
                    "type": "minecraft:used",
                    "stat": "minecraft:chorus_flower",
                    "value": {
                      "min": 99
                    }
                  }
                ]
              }
            }
          }
        ]
      }
    }
  },
  "rewards": {
    "function": "bacaped_rewards:end/endergardener"
  }
}