{
  "display": {
    "icon": {
      "id": "minecraft:structure_void"
    },
    "title": {
      "translate": "The V O I D"
    },
    "description": {
      "translate": "Be under bedrock in the Overworld and the Nether",
      "color": "light_purple"
    },
    "frame": "challenge",
    "announce_to_chat": true,
    "hidden": true
  },
  "parent": "bacaped:end/intergalactic_journey",
  "criteria": {
    "overworld": {
      "trigger": "minecraft:location",
      "conditions": {
        "player": {
          "location": {
            "position": {
              "y": {
                "max": -64
              }
            },
            "dimension": "minecraft:overworld"
          }
        }
      }
    },
    "the_nether": {
      "trigger": "minecraft:location",
      "conditions": {
        "player": {
          "location": {
            "position": {
              "y": {
                "max": 0
              }
            },
            "dimension": "minecraft:the_nether"
          }
        }
      }
    }
  },
  "rewards": {
    "function": "bacaped_rewards:end/the_void"
  }
}