{
  "display": {
    "icon": {
      "id": "minecraft:sculk_vein",
      "components": {
        "minecraft:enchantment_glint_override": true
      }
    },
    "title": {
      "translate": "Universal Solitude"
    },
    "description": {
      "translate": "Have 42 Wardens in the End named \"Mason\"",
      "color": "light_purple"
    },
    "frame": "challenge",
    "announce_to_chat": true,
    "hidden": true
  },
  "parent": "bacaped:end/last_hit",
  "criteria": {
    "mason": {
      "trigger": "minecraft:impossible"
    }
  },
  "rewards": {
    "function": "bacaped_rewards:end/universal_solitude"
  }
}