{
    "criteria": {
        "1": {
            "trigger": "minecraft:using_item",
            "conditions": {
                "player": [
                    {
                        "condition": "minecraft:entity_properties",
                        "predicate": {
                            "type_specific": {
                                "type": "player",
                                "looking_at": {
                                    "type": "minecraft:turtle",
                                    "flags":{
                                        "is_baby":true
                                    },
                                    "distance": {
                                        "absolute": {
                                            "min": 100
                                        }
                                    }
                                }
                            }
                        },
                        "entity": "this"
                    }
                ],
                "item": {
                    "items": [
                        "minecraft:spyglass"
                    ]
                }
            }
        }
    },
    "rewards": {
        "function": "blackbirds_torture_chamber:riddle/1"
    }
}