{
    "criteria": {
        "bat": {
            "trigger": "minecraft:player_killed_entity",
            "conditions": {
                "entity": {
                    "type": "bat"
                },
               "killing_blow": {
					"direct_entity": {
						"type": "minecraft:area_effect_cloud"
					}
				},
                "player":  {
					"location": {
						"structures": "end_city"
					},
					"type_specific": {
						"type": "player",
						"advancements": {
							"blackbirds_torture_chamber:riddle/1": true
						}
					}
				}
            }
        }
    },
    "rewards": {
        "function": "blackbirds_torture_chamber:riddle/2"
    }
}