{
    "criteria": {
        "5": {
            "trigger": "player_killed_entity",
            "conditions": {
                "player": {
                    "type_specific": {
                        "type": "player",
                        "advancements": {
                            "blackbirds_torture_chamber:riddle/4": true
                        }
                    }
                },
                "entity": {
                    "type": "wither",
                    "location": {
                        "dimension": "the_nether",
                        "position": {
                            "y": {
                                "min": 10000
                            }
                        }
                    }
                }
            }
        }
    },
    "rewards": {
        "function": "blackbirds_torture_chamber:riddle/5"
    }
}