{
  "display": {
    "icon": {
      "id": "minecraft:snow_block",
      "components": {
        "minecraft:enchantment_glint_override": true
      }
    },
    "title": {
      "translate": "Icy Pirates"
    },
    "description": {
      "translate": "Dig up a Buried Treasure in a Snowy Beach"
    },
    "frame": "challenge",
    "announce_to_chat": true
  },
  "parent": "blazeandcave:biomes/titanic",
  "criteria": {
    "treasure_in_snowy_beach": {
      "trigger": "minecraft:player_generates_container_loot",
      "conditions": {
        "player": {
          "location": {
            "biomes": "minecraft:snowy_beach"
          }
        },
        "loot_table": "minecraft:chests/buried_treasure"
      }
    }
  },
  "rewards": {
    "function": "bacaped_rewards:biomes/icy_pirates"
  }
}