{
  "display": {
    "icon": {
      "id": "minecraft:acacia_boat",
      "components": {
        "minecraft:enchantment_glint_override": true
      }
    },
    "title": {
      "translate": "The Boatman"
    },
    "description": {
      "translate": "Take a boat ride on blue ice",
      "color": "#75E1FF"
    },
    "frame": "goal",
    "announce_to_chat": true
  },
  "parent": "bacaped:biomes/underwater_pirates",
  "criteria": {
    "the_boatman": {
      "trigger": "minecraft:location",
      "conditions": {
        "player": {
          "vehicle": {
            "type": "#blazeandcave:all_boats",
            "stepping_on": {
              "block": {
                "blocks": "minecraft:blue_ice"
              }
            }
          }
        }
      }
    }
  },
  "rewards": {
    "function": "bacaped_rewards:biomes/the_boatman"
  }
}