{
  "display": {
    "icon": {
      "id": "minecraft:cauldron"
    },
    "title": {
      "translate": "The Infernal Cauldron"
    },
    "description": {
      "translate": "Spend a day in lava a cauldron",
      "extra": [
        {
          "text": "\n\n"
        },
        {
          "translate": "To view progress, run:",
          "color": "dark_gray",
          "italic": true
        },
        {
          "text": "\n"
        },
        {
          "text": "/trigger bacaped_timers",
          "color": "gray"
        }
      ]
    },
    "frame": "challenge",
    "announce_to_chat": true
  },
  "parent": "blazeandcave:biomes/sleep_with_the_fishes",
  "criteria": {
    "1200sec_in_lava": {
      "trigger": "minecraft:impossible"
    }
  },
  "rewards": {
    "function": "bacaped_rewards:biomes/the_infernal_cauldron"
  }
}