{
  "display": {
    "icon": {
      "id": "minecraft:dark_oak_boat"
    },
    "title": {
      "translate": "Underwater Pirates"
    },
    "description": {
      "translate": "Travel on a sunken boat"
    },
    "frame": "task",
    "announce_to_chat": true
  },
  "parent": "blazeandcave:biomes/boaty_mcboatface",
  "criteria": {
    "sit_in_boat_under_water": {
      "trigger": "minecraft:location",
      "conditions": {
        "player": [
          {
            "condition": "minecraft:entity_properties",
            "entity": "this",
            "predicate": {
              "vehicle": {
                "type": "#blazeandcave:all_boats"
              }
            }
          },
          {
            "condition": "minecraft:location_check",
            "offsetY": 1,
            "predicate": {
              "fluid": {
                "fluids": "minecraft:water"
              }
            }
          }
        ]
      }
    }
  },
  "rewards": {
    "function": "bacaped_rewards:biomes/underwater_pirates"
  }
}