{
  "display": {
    "icon": {
      "id": "minecraft:chest_minecart"
    },
    "title": {
      "translate": "Chest Lover"
    },
    "description": {
      "translate": "Open 1000 chests",
      "color": "#75E1FF"
    },
    "frame": "goal",
    "announce_to_chat": true
  },
  "parent": "bacaped:statistics/my_chest",
  "criteria": {
    "trigger": {
      "trigger": "minecraft:default_block_use",
      "conditions": {
        "player": {
          "type_specific": {
            "type": "minecraft:player",
            "stats": [
              {
                "type": "minecraft:custom",
                "stat": "minecraft:open_chest",
                "value": {
                  "min": 1000
                }
              }
            ]
          }
        },
        "location": [
          {
            "condition": "minecraft:location_check",
            "predicate": {
              "block": {
                "blocks": "minecraft:chest"
              }
            }
          }
        ]
      }
    }
  },
  "rewards": {
    "function": "bacaped_rewards:statistics/chest_lover"
  }
}