{
  "display": {
    "icon": {
      "id": "minecraft:weeping_vines"
    },
    "title": {
      "translate": "Climb Expert"
    },
    "description": {
      "translate": "Climb 500m",
      "color": "#75E1FF"
    },
    "frame": "goal",
    "announce_to_chat": true
  },
  "parent": "bacaped:statistics/jungle_gymnast",
  "criteria": {
    "trigger": {
      "trigger": "minecraft:location",
      "conditions": {
        "player": {
          "type_specific": {
            "type": "player",
            "stats": [
              {
                "type": "minecraft:custom",
                "stat": "minecraft:climb_one_cm",
                "value": {
                  "min": 50000
                }
              }
            ]
          }
        }
      }
    }
  },
  "rewards": {
    "function": "bacaped_rewards:statistics/climb_expert"
  }
}