{
  "display": {
    "icon": {
      "id": "minecraft:enchanted_golden_apple"
    },
    "title": {
      "translate": "Culinary Delight Maestro"
    },
    "description": {
      "translate": "Eat 25,000 food items",
      "color": "light_purple",
      "extra": [
        {
          "text": "\n\n"
        },
        {
          "translate": "To view progress, run:",
          "color": "dark_gray",
          "italic": true
        },
        {
          "text": "\n/trigger bac_statistics",
          "color": "gray"
        }
      ]
    },
    "frame": "challenge",
    "announce_to_chat": true,
    "hidden": true
  },
  "parent": "blazeandcave:statistics/food_glorious_food",
  "criteria": {
    "trigger": {
      "trigger": "minecraft:impossible"
    }
  },
  "rewards": {
    "function": "bacaped_rewards:statistics/culinary_delight_maestro"
  }
}