{
  "display": {
    "icon": {
      "id": "minecraft:player_head",
      "components": {
        "minecraft:profile": {
          "id": [
            6015019,
            -857518754,
            -1467952416,
            115317363
          ],
          "properties": [
            {
              "name": "textures",
              "value": "eyJ0ZXh0dXJlcyI6eyJTS0lOIjp7InVybCI6Imh0dHA6Ly90ZXh0dXJlcy5taW5lY3JhZnQubmV0L3RleHR1cmUvZDRhYjlkNmQ5ZjZkMjMxNGEyYmZmZjk4ZmRiODBmY2I0Y2UwYzhlZjc4ODEzMWE5YzZjMjJlY2M3MGU4M2Q3OSJ9fX0="
            }
          ]
        }
      }
    },
    "title": {
      "translate": "Eternal Vanguard"
    },
    "description": {
      "translate": "Avoid dying for 200 hours",
      "color": "light_purple"
    },
    "frame": "challenge",
    "announce_to_chat": true,
    "hidden": true
  },
  "parent": "bacaped:statistics/master_of_survival",
  "criteria": {
    "trigger": {
      "trigger": "minecraft:location",
      "conditions": {
        "player": {
          "type_specific": {
            "type": "player",
            "stats": [
              {
                "type": "minecraft:custom",
                "stat": "minecraft:time_since_death",
                "value": {
                  "min": 14400000
                }
              }
            ]
          }
        }
      }
    }
  },
  "rewards": {
    "function": "bacaped_rewards:statistics/eternal_vanguard"
  }
}