{
  "display": {
    "icon": {
      "id": "minecraft:fishing_rod",
      "components": {
        "minecraft:enchantment_glint_override": true
      }
    },
    "title": {
      "translate": "Intermediate Fisher"
    },
    "description": {
      "translate": "Catch 25 fish with a fishing rod",
      "color": "#75E1FF"
    },
    "frame": "goal",
    "announce_to_chat": true,
    "hidden": false
  },
  "parent": "bacaped:statistics/novice_angler",
  "criteria": {
    "trigger": {
      "trigger": "minecraft:fishing_rod_hooked",
      "conditions": {
        "player": {
          "type_specific": {
            "type": "minecraft:player",
            "stats": [
              {
                "type": "minecraft:custom",
                "stat": "minecraft:fish_caught",
                "value": {
                  "min": 24
                }
              }
            ]
          }
        }
      }
    }
  },
  "rewards": {
    "function": "bacaped_rewards:statistics/intermediate_fisher"
  }
}