{
  "display": {
    "icon": {
      "id": "minecraft:player_head",
      "components": {
        "minecraft:profile": {
          "id": [
            1693797440,
            1544964751,
            -1680308001,
            1691002894
          ],
          "properties": [
            {
              "name": "textures",
              "value": "eyJ0ZXh0dXJlcyI6eyJTS0lOIjp7InVybCI6Imh0dHA6Ly90ZXh0dXJlcy5taW5lY3JhZnQubmV0L3RleHR1cmUvM2MzNTNmMjg5NmE0OTE1M2QyMzM4OGM3YjcxNzgxZDAyM2I5ZWJiNzU0NjdhZWY5Njg5MmYxYzIzZmQ0MiJ9fX0="
            }
          ]
        }
      }
    },
    "title": {
      "translate": "Intercontinental Rail Nexus"
    },
    "description": {
      "translate": "Ride 250km in a minecart",
      "color": "light_purple"
    },
    "frame": "challenge",
    "announce_to_chat": true,
    "hidden": true
  },
  "parent": "blazeandcave:statistics/global_railway_network",
  "criteria": {
    "trigger": {
      "trigger": "minecraft:location",
      "conditions": {
        "player": {
          "type_specific": {
            "type": "player",
            "stats": [
              {
                "type": "minecraft:custom",
                "stat": "minecraft:minecart_one_cm",
                "value": {
                  "min": 25000000
                }
              }
            ]
          }
        }
      }
    }
  },
  "rewards": {
    "function": "bacaped_rewards:statistics/intercontinental_rail_nexus"
  }
}