{
  "display": {
    "icon": {
      "id": "minecraft:ladder"
    },
    "title": {
      "translate": "Ladder Legend"
    },
    "description": {
      "translate": "Climb 3km"
    },
    "frame": "challenge",
    "announce_to_chat": true
  },
  "parent": "bacaped:statistics/climb_expert",
  "criteria": {
    "trigger": {
      "trigger": "minecraft:location",
      "conditions": {
        "player": {
          "type_specific": {
            "type": "player",
            "stats": [
              {
                "type": "minecraft:custom",
                "stat": "minecraft:climb_one_cm",
                "value": {
                  "min": 300000
                }
              }
            ]
          }
        }
      }
    }
  },
  "rewards": {
    "function": "bacaped_rewards:statistics/ladder_legend"
  }
}