{
  "display": {
    "icon": {
      "id": "minecraft:leather_horse_armor",
      "components": {
        "minecraft:dyed_color": 16352992
      }
    },
    "title": {
      "translate": "Legend of the Races"
    },
    "description": {
      "translate": "Ride a Horse that moves faster than 14.1 blocks per second",
      "color": "light_purple"
    },
    "frame": "challenge",
    "announce_to_chat": true,
    "hidden": true
  },
  "parent": "bacaped:statistics/speed_master",
  "criteria": {
    "horse_14_1_bps": {
      "trigger": "minecraft:impossible",
      "conditions": {}
    }
  },
  "rewards": {
    "function": "bacaped_rewards:statistics/legend_of_the_races"
  }
}