{
  "display": {
    "icon": {
      "id": "minecraft:diamond_pickaxe"
    },
    "title": {
      "translate": "Metal Miner"
    },
    "description": {
      "translate": "Break 2500 blocks with Diamond Pickaxe",
      "color": "#75E1FF"
    },
    "frame": "goal",
    "announce_to_chat": true
  },
  "parent": "bacaped:statistics/stone_cutter",
  "criteria": {
    "trigger": {
      "trigger": "minecraft:location",
      "conditions": {
        "player": {
          "type_specific": {
            "type": "minecraft:player",
            "stats": [
              {
                "type": "minecraft:used",
                "stat": "minecraft:diamond_pickaxe",
                "value": {
                  "min": 2500
                }
              }
            ]
          }
        }
      }
    }
  },
  "rewards": {
    "function": "bacaped_rewards:statistics/metal_miner"
  }
}