{
  "display": {
    "icon": {
      "id": "minecraft:player_head",
      "components": {
        "minecraft:profile": {
          "id": [
            -155185010,
            -1139192601,
            -1780788324,
            1989883433
          ],
          "properties": [
            {
              "name": "textures",
              "value": "eyJ0ZXh0dXJlcyI6eyJTS0lOIjp7InVybCI6Imh0dHA6Ly90ZXh0dXJlcy5taW5lY3JhZnQubmV0L3RleHR1cmUvN2UyZWI0NzUxZTNjNTBkNTBmZjE2MzUyNTc2NjYzZDhmZWRmZTNlMDRiMmYwYjhhMmFhODAzYjQxOTM2M2NhMSJ9fX0="
            }
          ]
        }
      }
    },
    "title": {
      "translate": "Mr. Chester"
    },
    "description": {
      "translate": "Open 10,000 chests!"
    },
    "frame": "challenge",
    "announce_to_chat": true
  },
  "parent": "bacaped:statistics/chest_lover",
  "criteria": {
    "trigger": {
      "trigger": "minecraft:default_block_use",
      "conditions": {
        "player": {
          "type_specific": {
            "type": "minecraft:player",
            "stats": [
              {
                "type": "minecraft:custom",
                "stat": "minecraft:open_chest",
                "value": {
                  "min": 10000
                }
              }
            ]
          }
        },
        "location": [
          {
            "condition": "minecraft:location_check",
            "predicate": {
              "block": {
                "blocks": "minecraft:chest"
              }
            }
          }
        ]
      }
    }
  },
  "rewards": {
    "function": "bacaped_rewards:statistics/mr_chester"
  }
}