{
  "display": {
    "icon": {
      "id": "minecraft:mangrove_boat",
      "components": {
        "minecraft:enchantment_glint_override": true
      }
    },
    "title": {
      "translate": "Navigator of the Infinite Waters"
    },
    "description": {
      "translate": "Sail 500km in a boat",
      "color": "light_purple"
    },
    "frame": "challenge",
    "announce_to_chat": true,
    "hidden": true
  },
  "parent": "blazeandcave:statistics/sailor_of_the_seven_seas",
  "criteria": {
    "trigger": {
      "trigger": "minecraft:location",
      "conditions": {
        "player": {
          "type_specific": {
            "type": "player",
            "stats": [
              {
                "type": "minecraft:custom",
                "stat": "minecraft:boat_one_cm",
                "value": {
                  "min": 50000000
                }
              }
            ]
          }
        }
      }
    }
  },
  "rewards": {
    "function": "bacaped_rewards:statistics/navigator_of_the_infinite_waters"
  }
}