{
  "display": {
    "icon": {
      "id": "minecraft:black_shulker_box"
    },
    "title": {
      "translate": "Shulker Maestro"
    },
    "description": {
      "translate": "Open a shulker box 100,000 times",
      "color": "light_purple"
    },
    "frame": "challenge",
    "announce_to_chat": true,
    "hidden": true
  },
  "parent": "bacaped:statistics/shulker_voyager",
  "criteria": {
    "trigger": {
      "trigger": "minecraft:default_block_use",
      "conditions": {
        "player": {
          "type_specific": {
            "type": "minecraft:player",
            "stats": [
              {
                "type": "minecraft:custom",
                "stat": "minecraft:open_shulker_box",
                "value": {
                  "min": 100000
                }
              }
            ]
          }
        },
        "location": [
          {
            "condition": "minecraft:location_check",
            "predicate": {
              "block": {
                "blocks": "#minecraft:shulker_boxes"
              }
            }
          }
        ]
      }
    }
  },
  "rewards": {
    "function": "bacaped_rewards:statistics/shulker_maestro"
  }
}