{
  "display": {
    "icon": {
      "id": "minecraft:clock"
    },
    "title": {
      "translate": "Survivor's Hour"
    },
    "description": {
      "translate": "Avoid dying for 1 hour",
      "color": "green"
    },
    "frame": "task",
    "announce_to_chat": true,
    "hidden": false
  },
  "parent": "blazeandcave:technical/you_are_a_big_cheater",
  "criteria": {
    "trigger": {
      "trigger": "minecraft:location",
      "conditions": {
        "player": {
          "type_specific": {
            "type": "player",
            "stats": [
              {
                "type": "minecraft:custom",
                "stat": "minecraft:time_since_death",
                "value": {
                  "min": 72000
                }
              }
            ]
          }
        }
      }
    }
  },
  "rewards": {
    "function": "bacaped_rewards:statistics/survivors_hour"
  }
}