{
  "display": {
    "icon": {
      "id": "minecraft:totem_of_undying",
      "components": {
        "minecraft:enchantment_glint_override": true
      }
    },
    "title": {
      "translate": "Totem Expert"
    },
    "description": {
      "translate": "Spend 100 totems of undying"
    },
    "frame": "challenge",
    "announce_to_chat": true
  },
  "parent": "bacaped:statistics/totem_adept",
  "criteria": {
    "trigger": {
      "trigger": "minecraft:impossible",
      "conditions": {}
    }
  },
  "rewards": {
    "function": "bacaped_rewards:statistics/totem_expert"
  }
}