{
  "display": {
    "icon": {
      "id": "minecraft:totem_of_undying"
    },
    "title": {
      "translate": "Totem Adept"
    },
    "description": {
      "translate": "Spend 25 totems of undying",
      "color": "#75E1FF"
    },
    "frame": "goal",
    "announce_to_chat": true
  },
  "parent": "bacaped:statistics/totem_tinkerer",
  "criteria": {
    "trigger": {
      "trigger": "minecraft:impossible",
      "conditions": {}
    }
  },
  "rewards": {
    "function": "bacaped_rewards:statistics/totem_adept"
  }
}