{
  "criteria": {
    "ride": {
      "trigger": "minecraft:location",
      "conditions": {
        "player": [
          {
            "condition": "minecraft:entity_properties",
            "entity": "this",
            "predicate": {
              "vehicle": {
                "type": "#blazeandcave:player_rideables"
              }
            }
          }
        ]
      }
    },
    "enter_water_lava": {
      "trigger": "minecraft:location",
      "conditions": {
        "player": {
          "location": {
            "block": {
              "blocks": [
                "minecraft:water",
                "minecraft:lava",
                "minecraft:bubble_column"
              ]
            }
          }
        }
      }
    },
    "hit_without_fireworks": {
      "trigger": "minecraft:player_hurt_entity",
      "conditions": {
        "damage": {
          "type": {
            "tags": [
              {
                "id": "bacaped:is_fireworks",
                "expected": false
              }
            ]
          }
        },
        "entity": {
          "type": "minecraft:ender_dragon"
        }
      }
    },
    "no_damage": {
      "trigger": "minecraft:entity_hurt_player"
    },
    "water_lava_fluids": {
      "trigger": "minecraft:location",
      "conditions": {
        "player": {
          "location": {
            "fluid": {
              "fluids": [
                "minecraft:flowing_lava",
                "minecraft:flowing_water",
                "minecraft:lava",
                "minecraft:water"
              ]
            }
          }
        }
      }
    }
  },
  "requirements": [
    [
      "ride",
      "enter_water_lava",
      "hit_without_fireworks",
      "no_damage",
      "water_lava_fluids"
    ]
  ]
}
