{
  "criteria": {
    "ghast_killed_with_fireball": {
      "trigger": "minecraft:entity_hurt_player",
      "conditions": {
        "player": {
          "type_specific": {
            "type": "minecraft:player",
            "advancements": {
              "bacaped:nether/high_pitch": false
            }
          }
        },
        "damage": {
          "type": {
            "source_entity": {
              "type": "minecraft:ghast"
            },
            "direct_entity": {
              "type": "minecraft:fireball"
            }
          }
        }
      }
    }
  },
  "rewards": {
    "function": "bacaped:high_pitch/fail"
  }
}
