{
  "criteria": {
    "trigger": {
      "trigger": "minecraft:item_used_on_block",
      "conditions": {
        "player": [
          {
            "condition": "minecraft:entity_properties",
            "entity": "this",
            "predicate": {
              "type_specific": {
                "type": "minecraft:player",
                "looking_at": {
                  "type": "minecraft:tnt",
                  "nbt": "{fuse: 80s}"
                }
              }
            }
          }
        ],
        "location": [
          {
            "condition": "minecraft:match_tool",
            "predicate": {
              "items": [
                "minecraft:flint_and_steel",
                "minecraft:fire_charge"
              ]
            }
          }
        ]
      }
    }
  },
  "rewards": {
    "function": "bacaped:scores/ignite_tnt"
  }
}
