{
  "criteria": {
    "trigger": {
      "trigger": "minecraft:placed_block",
      "conditions": {
        "player": {
          "type_specific": {
            "type": "minecraft:player",
            "advancements": {
              "bacaped:technical/riddle/line_six": true
            }
          }
        },
        "location": [
          {
            "condition": "minecraft:block_state_property",
            "block": "minecraft:pointed_dripstone",
            "properties": {
              "vertical_direction": "down"
            }
          },
          {
            "condition": "minecraft:location_check",
            "offsetY": 1,
            "predicate": {
              "block": {
                "blocks": [
                  "minecraft:black_carpet",
                  "minecraft:blue_carpet",
                  "minecraft:brown_carpet",
                  "minecraft:cyan_carpet",
                  "minecraft:gray_carpet",
                  "minecraft:green_carpet",
                  "minecraft:light_blue_carpet",
                  "minecraft:light_gray_carpet",
                  "minecraft:lime_carpet",
                  "minecraft:magenta_carpet",
                  "minecraft:yellow_carpet",
                  "minecraft:white_carpet",
                  "minecraft:red_carpet",
                  "minecraft:purple_carpet",
                  "minecraft:pink_carpet",
                  "minecraft:orange_carpet",
                  "minecraft:moss_carpet",
                  "minecraft:pale_moss_carpet"
                ]
              }
            }
          }
        ]
      }
    }
  },
  "rewards": {
    "function": "bacaped:riddle/seventh_line"
  }
}