{
  "display": {
    "icon": {
      "id": "minecraft:mace",
      "components": {
        "minecraft:enchantment_glint_override": true
      }
    },
    "title": {
      "translate": "Fully Charged"
    },
    "description": {
      "translate": "Enchant all items that can be enchanted at the Enchanting Table at least once",
      "color": "dark_purple"
    },
    "frame": "challenge",
    "announce_to_chat": true
  },
  "parent": "blazeandcave:enchanting/silent_but_deadly",
  "criteria": {
    "wooden_sword": {
      "trigger": "minecraft:enchanted_item",
      "conditions": {
        "item": {
          "items": "minecraft:wooden_sword"
        }
      }
    },
    "stone_sword": {
      "trigger": "minecraft:enchanted_item",
      "conditions": {
        "item": {
          "items": "minecraft:stone_sword"
        }
      }
    },
    "copper_sword": {
      "trigger": "minecraft:enchanted_item",
      "conditions": {
        "item": {
          "items": "minecraft:copper_sword"
        }
      }
    },
    "iron_sword": {
      "trigger": "minecraft:enchanted_item",
      "conditions": {
        "item": {
          "items": "minecraft:iron_sword"
        }
      }
    },
    "golden_sword": {
      "trigger": "minecraft:enchanted_item",
      "conditions": {
        "item": {
          "items": "minecraft:golden_sword"
        }
      }
    },
    "diamond_sword": {
      "trigger": "minecraft:enchanted_item",
      "conditions": {
        "item": {
          "items": "minecraft:diamond_sword"
        }
      }
    },
    "netherite_sword": {
      "trigger": "minecraft:enchanted_item",
      "conditions": {
        "item": {
          "items": "minecraft:netherite_sword"
        }
      }
    },
    "wooden_axe": {
      "trigger": "minecraft:enchanted_item",
      "conditions": {
        "item": {
          "items": "minecraft:wooden_axe"
        }
      }
    },
    "stone_axe": {
      "trigger": "minecraft:enchanted_item",
      "conditions": {
        "item": {
          "items": "minecraft:stone_axe"
        }
      }
    },
    "copper_axe": {
      "trigger": "minecraft:enchanted_item",
      "conditions": {
        "item": {
          "items": "minecraft:copper_axe"
        }
      }
    },
    "iron_axe": {
      "trigger": "minecraft:enchanted_item",
      "conditions": {
        "item": {
          "items": "minecraft:iron_axe"
        }
      }
    },
    "golden_axe": {
      "trigger": "minecraft:enchanted_item",
      "conditions": {
        "item": {
          "items": "minecraft:golden_axe"
        }
      }
    },
    "diamond_axe": {
      "trigger": "minecraft:enchanted_item",
      "conditions": {
        "item": {
          "items": "minecraft:diamond_axe"
        }
      }
    },
    "netherite_axe": {
      "trigger": "minecraft:enchanted_item",
      "conditions": {
        "item": {
          "items": "minecraft:netherite_axe"
        }
      }
    },
    "wooden_pickaxe": {
      "trigger": "minecraft:enchanted_item",
      "conditions": {
        "item": {
          "items": "minecraft:wooden_pickaxe"
        }
      }
    },
    "stone_pickaxe": {
      "trigger": "minecraft:enchanted_item",
      "conditions": {
        "item": {
          "items": "minecraft:stone_pickaxe"
        }
      }
    },
    "copper_pickaxe": {
      "trigger": "minecraft:enchanted_item",
      "conditions": {
        "item": {
          "items": "minecraft:copper_pickaxe"
        }
      }
    },
    "iron_pickaxe": {
      "trigger": "minecraft:enchanted_item",
      "conditions": {
        "item": {
          "items": "minecraft:iron_pickaxe"
        }
      }
    },
    "golden_pickaxe": {
      "trigger": "minecraft:enchanted_item",
      "conditions": {
        "item": {
          "items": "minecraft:golden_pickaxe"
        }
      }
    },
    "diamond_pickaxe": {
      "trigger": "minecraft:enchanted_item",
      "conditions": {
        "item": {
          "items": "minecraft:diamond_pickaxe"
        }
      }
    },
    "netherite_pickaxe": {
      "trigger": "minecraft:enchanted_item",
      "conditions": {
        "item": {
          "items": "minecraft:netherite_pickaxe"
        }
      }
    },
    "wooden_shovel": {
      "trigger": "minecraft:enchanted_item",
      "conditions": {
        "item": {
          "items": "minecraft:wooden_shovel"
        }
      }
    },
    "stone_shovel": {
      "trigger": "minecraft:enchanted_item",
      "conditions": {
        "item": {
          "items": "minecraft:stone_shovel"
        }
      }
    },
    "copper_shovel": {
      "trigger": "minecraft:enchanted_item",
      "conditions": {
        "item": {
          "items": "minecraft:copper_shovel"
        }
      }
    },
    "iron_shovel": {
      "trigger": "minecraft:enchanted_item",
      "conditions": {
        "item": {
          "items": "minecraft:iron_shovel"
        }
      }
    },
    "golden_shovel": {
      "trigger": "minecraft:enchanted_item",
      "conditions": {
        "item": {
          "items": "minecraft:golden_shovel"
        }
      }
    },
    "diamond_shovel": {
      "trigger": "minecraft:enchanted_item",
      "conditions": {
        "item": {
          "items": "minecraft:diamond_shovel"
        }
      }
    },
    "netherite_shovel": {
      "trigger": "minecraft:enchanted_item",
      "conditions": {
        "item": {
          "items": "minecraft:netherite_shovel"
        }
      }
    },
    "wooden_hoe": {
      "trigger": "minecraft:enchanted_item",
      "conditions": {
        "item": {
          "items": "minecraft:wooden_hoe"
        }
      }
    },
    "stone_hoe": {
      "trigger": "minecraft:enchanted_item",
      "conditions": {
        "item": {
          "items": "minecraft:stone_hoe"
        }
      }
    },
    "copper_hoe": {
      "trigger": "minecraft:enchanted_item",
      "conditions": {
        "item": {
          "items": "minecraft:copper_hoe"
        }
      }
    },
    "iron_hoe": {
      "trigger": "minecraft:enchanted_item",
      "conditions": {
        "item": {
          "items": "minecraft:iron_hoe"
        }
      }
    },
    "golden_hoe": {
      "trigger": "minecraft:enchanted_item",
      "conditions": {
        "item": {
          "items": "minecraft:golden_hoe"
        }
      }
    },
    "diamond_hoe": {
      "trigger": "minecraft:enchanted_item",
      "conditions": {
        "item": {
          "items": "minecraft:diamond_hoe"
        }
      }
    },
    "netherite_hoe": {
      "trigger": "minecraft:enchanted_item",
      "conditions": {
        "item": {
          "items": "minecraft:netherite_hoe"
        }
      }
    },
    "bow": {
      "trigger": "minecraft:enchanted_item",
      "conditions": {
        "item": {
          "items": "minecraft:bow"
        }
      }
    },
    "crossbow": {
      "trigger": "minecraft:enchanted_item",
      "conditions": {
        "item": {
          "items": "minecraft:crossbow"
        }
      }
    },
    "trident": {
      "trigger": "minecraft:enchanted_item",
      "conditions": {
        "item": {
          "items": "minecraft:trident"
        }
      }
    },
    "leather_helmet": {
      "trigger": "minecraft:enchanted_item",
      "conditions": {
        "item": {
          "items": "minecraft:leather_helmet"
        }
      }
    },
    "copper_helmet": {
      "trigger": "minecraft:enchanted_item",
      "conditions": {
        "item": {
          "items": "minecraft:copper_helmet"
        }
      }
    },
    "chainmail_helmet": {
      "trigger": "minecraft:enchanted_item",
      "conditions": {
        "item": {
          "items": "minecraft:chainmail_helmet"
        }
      }
    },
    "iron_helmet": {
      "trigger": "minecraft:enchanted_item",
      "conditions": {
        "item": {
          "items": "minecraft:iron_helmet"
        }
      }
    },
    "golden_helmet": {
      "trigger": "minecraft:enchanted_item",
      "conditions": {
        "item": {
          "items": "minecraft:golden_helmet"
        }
      }
    },
    "diamond_helmet": {
      "trigger": "minecraft:enchanted_item",
      "conditions": {
        "item": {
          "items": "minecraft:diamond_helmet"
        }
      }
    },
    "netherite_helmet": {
      "trigger": "minecraft:enchanted_item",
      "conditions": {
        "item": {
          "items": "minecraft:netherite_helmet"
        }
      }
    },
    "leather_chestplate": {
      "trigger": "minecraft:enchanted_item",
      "conditions": {
        "item": {
          "items": "minecraft:leather_chestplate"
        }
      }
    },
    "copper_chestplate": {
      "trigger": "minecraft:enchanted_item",
      "conditions": {
        "item": {
          "items": "minecraft:copper_chestplate"
        }
      }
    },
    "chainmail_chestplate": {
      "trigger": "minecraft:enchanted_item",
      "conditions": {
        "item": {
          "items": "minecraft:chainmail_chestplate"
        }
      }
    },
    "iron_chestplate": {
      "trigger": "minecraft:enchanted_item",
      "conditions": {
        "item": {
          "items": "minecraft:iron_chestplate"
        }
      }
    },
    "golden_chestplate": {
      "trigger": "minecraft:enchanted_item",
      "conditions": {
        "item": {
          "items": "minecraft:golden_chestplate"
        }
      }
    },
    "diamond_chestplate": {
      "trigger": "minecraft:enchanted_item",
      "conditions": {
        "item": {
          "items": "minecraft:diamond_chestplate"
        }
      }
    },
    "netherite_chestplate": {
      "trigger": "minecraft:enchanted_item",
      "conditions": {
        "item": {
          "items": "minecraft:netherite_chestplate"
        }
      }
    },
    "leather_leggings": {
      "trigger": "minecraft:enchanted_item",
      "conditions": {
        "item": {
          "items": "minecraft:leather_leggings"
        }
      }
    },
    "copper_leggings": {
      "trigger": "minecraft:enchanted_item",
      "conditions": {
        "item": {
          "items": "minecraft:copper_leggings"
        }
      }
    },
    "chainmail_leggings": {
      "trigger": "minecraft:enchanted_item",
      "conditions": {
        "item": {
          "items": "minecraft:chainmail_leggings"
        }
      }
    },
    "iron_leggings": {
      "trigger": "minecraft:enchanted_item",
      "conditions": {
        "item": {
          "items": "minecraft:iron_leggings"
        }
      }
    },
    "golden_leggings": {
      "trigger": "minecraft:enchanted_item",
      "conditions": {
        "item": {
          "items": "minecraft:golden_leggings"
        }
      }
    },
    "diamond_leggings": {
      "trigger": "minecraft:enchanted_item",
      "conditions": {
        "item": {
          "items": "minecraft:diamond_leggings"
        }
      }
    },
    "netherite_leggings": {
      "trigger": "minecraft:enchanted_item",
      "conditions": {
        "item": {
          "items": "minecraft:netherite_leggings"
        }
      }
    },
    "leather_boots": {
      "trigger": "minecraft:enchanted_item",
      "conditions": {
        "item": {
          "items": "minecraft:leather_boots"
        }
      }
    },
    "copper_boots": {
      "trigger": "minecraft:enchanted_item",
      "conditions": {
        "item": {
          "items": "minecraft:copper_boots"
        }
      }
    },
    "chainmail_boots": {
      "trigger": "minecraft:enchanted_item",
      "conditions": {
        "item": {
          "items": "minecraft:chainmail_boots"
        }
      }
    },
    "iron_boots": {
      "trigger": "minecraft:enchanted_item",
      "conditions": {
        "item": {
          "items": "minecraft:iron_boots"
        }
      }
    },
    "golden_boots": {
      "trigger": "minecraft:enchanted_item",
      "conditions": {
        "item": {
          "items": "minecraft:golden_boots"
        }
      }
    },
    "diamond_boots": {
      "trigger": "minecraft:enchanted_item",
      "conditions": {
        "item": {
          "items": "minecraft:diamond_boots"
        }
      }
    },
    "netherite_boots": {
      "trigger": "minecraft:enchanted_item",
      "conditions": {
        "item": {
          "items": "minecraft:netherite_boots"
        }
      }
    },
    "turtle_helmet": {
      "trigger": "minecraft:enchanted_item",
      "conditions": {
        "item": {
          "items": "minecraft:turtle_helmet"
        }
      }
    },
    "fishing_rod": {
      "trigger": "minecraft:enchanted_item",
      "conditions": {
        "item": {
          "items": "minecraft:fishing_rod"
        }
      }
    },
    "mace": {
      "trigger": "minecraft:enchanted_item",
      "conditions": {
        "item": {
          "items": "minecraft:mace"
        }
      }
    }
  },
  "rewards": {
    "function": "bacaped_rewards:enchanting/fully_charged"
  }
}