{
  "display": {
    "icon": {
      "id": "minecraft:player_head",
      "components": {
        "minecraft:profile": {
          "id": [
            -1417611115,
            -1942731171,
            -1754697598,
            1203419160
          ],
          "properties": [
            {
              "name": "textures",
              "value": "eyJ0ZXh0dXJlcyI6eyJTS0lOIjp7InVybCI6Imh0dHA6Ly90ZXh0dXJlcy5taW5lY3JhZnQubmV0L3RleHR1cmUvNWNkMjBiZDhjNDhlYTJhMjcwNTVlYWY5MGIxYTkyMGY0ZWFmOWE4MWVjOGMzMzI4YTRjOTc0YzllMTNjZTNjMiJ9fX0="
            }
          ]
        }
      }
    },
    "title": {
      "translate": "Oh, I Forgot About the Anvil"
    },
    "description": {
      "translate": "Take Damage from the anvil",
      "color": "#75E1FF"
    },
    "frame": "goal",
    "announce_to_chat": true
  },
  "parent": "blazeandcave:enchanting/heavy_metal",
  "criteria": {
    "anvil": {
      "trigger": "minecraft:entity_hurt_player",
      "conditions": {
        "damage": {
          "source_entity": {
            "type": "minecraft:falling_block",
            "nbt": "{BlockState:{Name:\"minecraft:anvil\"}}"
          }
        }
      }
    },
    "chipped_anvil": {
      "trigger": "minecraft:entity_hurt_player",
      "conditions": {
        "damage": {
          "source_entity": {
            "type": "minecraft:falling_block",
            "nbt": "{BlockState:{Name:\"minecraft:chipped_anvil\"}}"
          }
        }
      }
    },
    "damaged_anvil": {
      "trigger": "minecraft:entity_hurt_player",
      "conditions": {
        "damage": {
          "source_entity": {
            "type": "minecraft:falling_block",
            "nbt": "{BlockState:{Name:\"minecraft:damaged_anvil\"}}"
          }
        }
      }
    }
  },
  "requirements": [
    [
      "anvil",
      "chipped_anvil",
      "damaged_anvil"
    ]
  ],
  "rewards": {
    "function": "bacaped_rewards:enchanting/oh_i_forgot_about_the_anvil"
  }
}