{
  "display": {
    "icon": {
      "id": "minecraft:stick",
      "components": {
        "minecraft:enchantment_glint_override": true
      }
    },
    "title": {
      "translate": "Thin Line"
    },
    "description": {
      "translate": "Hold an item that displays the message \"Too Expensive\" when you attempt to use it in an anvil",
      "color": "dark_purple"
    },
    "frame": "challenge",
    "announce_to_chat": true
  },
  "parent": "bacaped:enchanting/heavy_catch",
  "criteria": {
    "trigger": {
      "trigger": "minecraft:location",
      "conditions": {
        "player": {
          "slots": {
            "weapon.mainhand": {
              "components": {
                "minecraft:repair_cost": 63
              }
            }
          }
        }
      }
    }
  },
  "rewards": {
    "function": "bacaped_rewards:enchanting/thin_line"
  }
}