{
  "display": {
    "icon": {
      "id": "minecraft:cherry_fence"
    },
    "title": {
      "translate": "Baby Zoo"
    },
    "description": {
      "translate": "Bring one of every type of baby animal to one place (have them all within 32 blocks of you)",
      "color": "dark_purple"
    },
    "frame": "challenge",
    "announce_to_chat": true
  },
  "parent": "blazeandcave:animal/mushroom_scientist",
  "criteria": {
    "baby_zoo": {
      "trigger": "minecraft:impossible"
    }
  },
  "rewards": {
    "function": "bacaped_rewards:animal/baby_zoo"
  }
}