{
  "display": {
    "icon": {
      "id": "minecraft:player_head",
      "components": {
        "minecraft:profile": {
          "id": [
            285949482,
            1816740125,
            -1611794417,
            -512537062
          ],
          "properties": [
            {
              "name": "textures",
              "value": "eyJ0ZXh0dXJlcyI6eyJTS0lOIjp7InVybCI6Imh0dHA6Ly90ZXh0dXJlcy5taW5lY3JhZnQubmV0L3RleHR1cmUvODJjNjhlOWZjNjhjYTRiY2EzZjE2ZTYyMzAyZWQzZGZlMjhkZjRlNDI2ZGZkZjFmMDFmY2M1ODQ0ZmU1YjJkZSJ9fX0="
            }
          ]
        }
      }
    },
    "title": {
      "translate": "Cheers!"
    },
    "description": {
      "translate": "Use shears on all possible mobs and blocks",
      "color": "#75E1FF"
    },
    "frame": "goal",
    "announce_to_chat": true
  },
  "parent": "blazeandcave:animal/have_a_shearful_day",
  "criteria": {
    "sheep": {
      "trigger": "minecraft:player_interacted_with_entity",
      "conditions": {
        "item": {
          "items": "minecraft:shears"
        },
        "entity": {
          "type": "minecraft:sheep"
        }
      }
    },
    "mooshroom": {
      "trigger": "minecraft:player_interacted_with_entity",
      "conditions": {
        "item": {
          "items": "minecraft:shears"
        },
        "entity": {
          "type": "minecraft:mooshroom"
        }
      }
    },
    "snow_golem": {
      "trigger": "minecraft:player_interacted_with_entity",
      "conditions": {
        "item": {
          "items": "minecraft:shears"
        },
        "entity": {
          "type": "minecraft:snow_golem"
        }
      }
    },
    "bogged": {
      "trigger": "minecraft:player_interacted_with_entity",
      "conditions": {
        "item": {
          "items": "minecraft:shears"
        },
        "entity": {
          "type": "minecraft:bogged"
        }
      }
    },
    "wolf": {
      "trigger": "minecraft:player_interacted_with_entity",
      "conditions": {
        "item": {
          "items": "minecraft:shears"
        },
        "entity": {
          "type": "minecraft:wolf"
        }
      }
    },
    "beehive": {
      "trigger": "minecraft:item_used_on_block",
      "conditions": {
        "location": [
          {
            "condition": "minecraft:block_state_property",
            "block": "minecraft:beehive",
            "properties": {}
          },
          {
            "condition": "minecraft:match_tool",
            "predicate": {
              "items": "minecraft:shears"
            }
          }
        ]
      }
    },
    "bee_nest": {
      "trigger": "minecraft:item_used_on_block",
      "conditions": {
        "location": [
          {
            "condition": "minecraft:block_state_property",
            "block": "minecraft:bee_nest",
            "properties": {}
          },
          {
            "condition": "minecraft:match_tool",
            "predicate": {
              "items": "minecraft:shears"
            }
          }
        ]
      }
    },
    "pumpkin": {
      "trigger": "minecraft:item_used_on_block",
      "conditions": {
        "location": [
          {
            "condition": "minecraft:block_state_property",
            "block": "minecraft:carved_pumpkin",
            "properties": {}
          },
          {
            "condition": "minecraft:match_tool",
            "predicate": {
              "items": "minecraft:shears"
            }
          }
        ]
      }
    },
    "cave_vines": {
      "trigger": "minecraft:item_used_on_block",
      "conditions": {
        "location": [
          {
            "condition": "minecraft:block_state_property",
            "block": "minecraft:cave_vines",
            "properties": {}
          },
          {
            "condition": "minecraft:match_tool",
            "predicate": {
              "items": "minecraft:shears"
            }
          }
        ]
      }
    },
    "kelp": {
      "trigger": "minecraft:item_used_on_block",
      "conditions": {
        "location": [
          {
            "condition": "minecraft:block_state_property",
            "block": "minecraft:kelp",
            "properties": {}
          },
          {
            "condition": "minecraft:match_tool",
            "predicate": {
              "items": "minecraft:shears"
            }
          }
        ]
      }
    },
    "weeping_vines": {
      "trigger": "minecraft:item_used_on_block",
      "conditions": {
        "location": [
          {
            "condition": "minecraft:block_state_property",
            "block": "minecraft:weeping_vines",
            "properties": {}
          },
          {
            "condition": "minecraft:match_tool",
            "predicate": {
              "items": "minecraft:shears"
            }
          }
        ]
      }
    },
    "twisting_vines": {
      "trigger": "minecraft:item_used_on_block",
      "conditions": {
        "location": [
          {
            "condition": "minecraft:block_state_property",
            "block": "minecraft:twisting_vines",
            "properties": {}
          },
          {
            "condition": "minecraft:match_tool",
            "predicate": {
              "items": "minecraft:shears"
            }
          }
        ]
      }
    },
    "horse_horse_armor": {
      "trigger": "minecraft:player_sheared_equipment",
      "conditions": {
        "item": {
          "items": "#bacaped:horse_armor"
        },
        "entity": {
          "type": "minecraft:horse"
        }
      }
    },
    "horse_saddle": {
      "trigger": "minecraft:player_sheared_equipment",
      "conditions": {
        "item": {
          "items": "minecraft:saddle"
        },
        "entity": {
          "type": "minecraft:horse"
        }
      }
    },
    "mule_saddle": {
      "trigger": "minecraft:player_sheared_equipment",
      "conditions": {
        "item": {
          "items": "minecraft:saddle"
        },
        "entity": {
          "type": "minecraft:mule"
        }
      }
    },
    "pig_saddle": {
      "trigger": "minecraft:player_sheared_equipment",
      "conditions": {
        "item": {
          "items": "minecraft:saddle"
        },
        "entity": {
          "type": "minecraft:pig"
        }
      }
    },
    "strider_saddle": {
      "trigger": "minecraft:player_sheared_equipment",
      "conditions": {
        "item": {
          "items": "minecraft:saddle"
        },
        "entity": {
          "type": "minecraft:strider"
        }
      }
    },
    "camel_saddle": {
      "trigger": "minecraft:player_sheared_equipment",
      "conditions": {
        "item": {
          "items": "minecraft:saddle"
        },
        "entity": {
          "type": "minecraft:camel"
        }
      }
    },
    "donkey_saddle": {
      "trigger": "minecraft:player_sheared_equipment",
      "conditions": {
        "item": {
          "items": "minecraft:saddle"
        },
        "entity": {
          "type": "minecraft:donkey"
        }
      }
    },
    "llamas_carpet": {
      "trigger": "minecraft:player_sheared_equipment",
      "conditions": {
        "item": {
          "items": "#minecraft:wool_carpets"
        },
        "entity": {
          "type": "#blazeandcave:llamas"
        }
      }
    },
    "happy_ghast": {
      "trigger": "minecraft:player_sheared_equipment",
      "conditions": {
        "item": {
          "items": "#minecraft:harnesses"
        },
        "entity": {
          "type": "minecraft:happy_ghast"
        }
      }
    }
  },
  "rewards": {
    "function": "bacaped_rewards:animal/cheers"
  }
}