{
  "display": {
    "icon": {
      "id": "minecraft:armadillo_scute",
      "components": {
        "minecraft:enchantment_glint_override": true
      }
    },
    "title": {
      "translate": "Crab Should've Won"
    },
    "description": {
      "translate": "Kill 100 Armadillos"
    },
    "frame": "challenge",
    "announce_to_chat": true,
    "hidden": false
  },
  "parent": "bacaped:animal/what_about_mooblooms",
  "criteria": {
    "trigger": {
      "trigger": "minecraft:player_killed_entity",
      "conditions": {
        "player": [
          {
            "condition": "minecraft:entity_properties",
            "entity": "this",
            "predicate": {
              "type_specific": {
                "type": "minecraft:player",
                "stats": [
                  {
                    "type": "minecraft:killed",
                    "stat": "minecraft:armadillo",
                    "value": {
                      "min": 99
                    }
                  }
                ]
              }
            }
          }
        ]
      }
    }
  },
  "rewards": {
    "function": "bacaped_rewards:animal/crab_should_win"
  }
}