{
  "display": {
    "icon": {
      "id": "minecraft:shield"
    },
    "title": {
      "translate": "Desert Warrior"
    },
    "description": {
      "translate": "Sit on a Camel with a shield and sword wearing leather armor",
      "color": "#75E1FF"
    },
    "frame": "goal",
    "announce_to_chat": true
  },
  "parent": "blazeandcave:animal/the_high_road",
  "criteria": {
    "desert_warrior": {
      "trigger": "minecraft:location",
      "conditions": {
        "player": {
          "equipment": {
            "mainhand": {
              "items": [
                "minecraft:copper_sword",
                "minecraft:diamond_sword",
                "minecraft:golden_sword",
                "minecraft:iron_sword",
                "minecraft:netherite_sword",
                "minecraft:stone_sword",
                "minecraft:wooden_sword"
              ]
            },
            "offhand": {
              "items": [
                "minecraft:shield"
              ]
            },
            "head": {
              "items": "minecraft:leather_helmet"
            },
            "chest": {
              "items": "minecraft:leather_chestplate"
            },
            "legs": {
              "items": "minecraft:leather_leggings"
            },
            "feet": {
              "items": "minecraft:leather_boots"
            }
          },
          "vehicle": {
            "type": "minecraft:camel"
          }
        }
      }
    }
  },
  "rewards": {
    "function": "bacaped_rewards:animal/desert_warrior"
  }
}