{
  "display": {
    "icon": {
      "id": "minecraft:rabbit"
    },
    "title": {
      "translate": "Driven to Death"
    },
    "description": {
      "translate": "Make the Rabbit die from falling while trying to escape from you",
      "color": "#75E1FF"
    },
    "frame": "goal",
    "announce_to_chat": true
  },
  "parent": "blazeandcave:animal/getting_into_a_stew",
  "criteria": {
    "kill_rabbit_with_fall": {
      "trigger": "minecraft:player_killed_entity",
      "conditions": {
        "entity": {
          "type": "minecraft:rabbit"
        },
        "killing_blow": {
          "tags": [
            {
              "id": "minecraft:is_fall",
              "expected": true
            }
          ]
        }
      }
    }
  },
  "rewards": {
    "function": "bacaped_rewards:animal/driven_to_death"
  }
}