{
  "display": {
    "icon": {
      "id": "minecraft:netherite_sword"
    },
    "title": {
      "translate": "Extraordinary Duel"
    },
    "description": {
      "translate": "Look at a Fox through a spyglass, killing the Wolf that is attacking the player, while holding a Netherite Sword",
      "color": "dark_purple"
    },
    "frame": "challenge",
    "announce_to_chat": true
  },
  "parent": "bacaped:animal/fox_poses",
  "criteria": {
    "trigger": {
      "trigger": "minecraft:using_item",
      "conditions": {
        "player": {
          "type_specific": {
            "type": "minecraft:player",
            "looking_at": {
              "type": "minecraft:fox",
              "equipment": {
                "mainhand": {
                  "items": "minecraft:netherite_sword"
                }
              },
              "targeted_entity": {
                "type": "minecraft:wolf",
                "targeted_entity": {
                  "type": "minecraft:player"
                }
              }
            }
          }
        },
        "item": {
          "items": "minecraft:spyglass"
        }
      }
    }
  },
  "rewards": {
    "function": "bacaped_rewards:animal/extraordinary_duel"
  }
}