{
  "display": {
    "icon": {
      "id": "minecraft:enchanted_book",
      "components": {
        "minecraft:enchantments": {
          "minecraft:thorns": 3
        }
      }
    },
    "title": {
      "translate": "Furry Fury"
    },
    "description": {
      "translate": "Take Damage from a Fox",
      "color": "#75E1FF"
    },
    "frame": "goal",
    "announce_to_chat": true
  },
  "parent": "blazeandcave:animal/foxy_thievery",
  "criteria": {
    "trigger": {
      "trigger": "minecraft:entity_hurt_player",
      "conditions": {
        "damage": {
          "source_entity": {
            "type": "minecraft:fox"
          }
        }
      }
    }
  },
  "rewards": {
    "function": "bacaped_rewards:animal/furry_fury"
  }
}