{
  "display": {
    "icon": {
      "id": "minecraft:lava_bucket"
    },
    "title": {
      "translate": "Hot!"
    },
    "description": {
      "translate": "Swim on a Pig in lava",
      "color": "#75E1FF"
    },
    "frame": "goal",
    "announce_to_chat": true
  },
  "parent": "blazeandcave:animal/when_pigs_used_to_fly",
  "criteria": {
    "swim_in_lava_on_pig": {
      "trigger": "minecraft:ride_entity_in_lava",
      "conditions": {
        "player": {
          "vehicle": {
            "type": "minecraft:pig"
          }
        }
      }
    }
  },
  "rewards": {
    "function": "bacaped_rewards:animal/hot"
  }
}