{
  "display": {
    "icon": {
      "id": "minecraft:sniffer_egg"
    },
    "title": {
      "translate": "SnifferSniffEvent"
    },
    "description": {
      "translate": "Introduce a Sniffer to a Warden so they can have a sniff-off"
    },
    "frame": "challenge",
    "announce_to_chat": true
  },
  "parent": "blazeandcave:animal/silence_of_the_lambs",
  "criteria": {
    "trigger": {
      "trigger": "minecraft:impossible"
    }
  },
  "rewards": {
    "function": "bacaped_rewards:animal/sniffer-sniff-event"
  }
}