{
  "display": {
    "icon": {
      "id": "minecraft:elytra"
    },
    "title": {
      "translate": "What's the Best Transport?"
    },
    "description": {
      "translate": "Be near every type of transport",
      "color": "dark_purple"
    },
    "frame": "challenge",
    "announce_to_chat": true
  },
  "parent": "blazeandcave:animal/swine_sailing",
  "criteria": {
    "transport": {
      "trigger": "minecraft:impossible"
    }
  },
  "rewards": {
    "function": "bacaped_rewards:animal/whats_the_best_transport"
  }
}