{
  "display": {
    "icon": {
      "id": "minecraft:lead",
      "components": {
        "minecraft:enchantment_glint_override": true
      }
    },
    "title": {
      "translate": "What Are You Doing in My Swamp"
    },
    "description": {
      "translate": "Arrange a meeting of all your pets with all variants of Frogs in the swamp (have them all within 16 blocks of you)",
      "color": "dark_purple"
    },
    "frame": "challenge",
    "announce_to_chat": true
  },
  "parent": "minecraft:husbandry/leash_all_frog_variants",
  "criteria": {
    "dog_cat_parrot_frogs": {
      "trigger": "minecraft:impossible"
    }
  },
  "rewards": {
    "function": "bacaped_rewards:animal/what_are_you_doing_in_my_swamp"
  }
}