{
  "display": {
    "icon": {
      "id": "minecraft:player_head",
      "components": {
        "minecraft:profile": {
          "id": [
            445167812,
            -870298105,
            -2035141983,
            -304392997
          ],
          "properties": [
            {
              "name": "textures",
              "value": "eyJ0ZXh0dXJlcyI6eyJTS0lOIjp7InVybCI6Imh0dHA6Ly90ZXh0dXJlcy5taW5lY3JhZnQubmV0L3RleHR1cmUvMjI0ZGFkNGY3ZmM5NGYxNzU5N2YwNGRkMTFiYTg1NmUzMTU2MTRmMzk1MTc3ZmRjMGIzN2Y5MzFhNmNjMWVmIn19fQ=="
            }
          ]
        }
      }
    },
    "title": {
      "translate": "What a Mess This Horse Is!"
    },
    "description": {
      "translate": "Ride a Horse that has less than 20 health points, moves slower than 9 blocks per second and jumps lower than 3 blocks",
      "color": "dark_purple"
    },
    "frame": "challenge",
    "announce_to_chat": true
  },
  "parent": "bacaped:animal/horse_health_hunter",
  "criteria": {
    "sit_on_mess_horse": {
      "trigger": "minecraft:impossible"
    }
  },
  "rewards": {
    "function": "bacaped_rewards:animal/what_a_mess_this_horse_is"
  }
}