{
	"rewards": {
		"function": "blackbirds_torture_chamber:impossibles/cake_stats_update"
	},	
  	"criteria": {
    	"eat_cake_slice": {
      		"trigger": "minecraft:default_block_use",
      		"conditions": {
        		"location": [
          			{
            			"condition": "minecraft:location_check",
            			"predicate": {
              				"block": {
                				"blocks": [
									"minecraft:cake",
									"minecraft:black_candle_cake",
									"minecraft:blue_candle_cake",
									"minecraft:brown_candle_cake",
									"minecraft:candle_cake",
									"minecraft:cyan_candle_cake",
									"minecraft:gray_candle_cake",
									"minecraft:green_candle_cake",
									"minecraft:light_blue_candle_cake",
									"minecraft:light_gray_candle_cake",
									"minecraft:lime_candle_cake",
									"minecraft:magenta_candle_cake",
									"minecraft:orange_candle_cake",
									"minecraft:pink_candle_cake",
									"minecraft:purple_candle_cake",
									"minecraft:red_candle_cake",
									"minecraft:white_candle_cake",
									"minecraft:yellow_candle_cake"
								]
              				}
            			}
          			}
        		]
      		}
    	}
	}
}