{
  "display": {
    "icon": {
      "id": "minecraft:bamboo_block",
      "components": {
        "minecraft:enchantment_glint_override": true
      }
    },
    "title": {
      "translate": "Artificial Forest"
    },
    "description": {
      "translate": "Mine a full stack of all types of leaves, logs, stems, and saplings"
    },
    "frame": "challenge",
    "announce_to_chat": true
  },
  "parent": "blazeandcave:building/master_logger",
  "criteria": {
    "acacia_log": {
      "trigger": "minecraft:inventory_changed",
      "conditions": {
        "items": [
          {
            "items": "minecraft:acacia_log",
            "count": {
              "min": 64
            }
          }
        ]
      }
    },
    "acacia_leaves": {
      "trigger": "minecraft:inventory_changed",
      "conditions": {
        "items": [
          {
            "items": "minecraft:acacia_leaves",
            "count": {
              "min": 64
            }
          }
        ]
      }
    },
    "acacia_sapling": {
      "trigger": "minecraft:inventory_changed",
      "conditions": {
        "items": [
          {
            "items": "minecraft:acacia_sapling",
            "count": {
              "min": 64
            }
          }
        ]
      }
    },
    "bamboo_block": {
      "trigger": "minecraft:inventory_changed",
      "conditions": {
        "items": [
          {
            "items": "minecraft:bamboo_block",
            "count": {
              "min": 64
            }
          }
        ]
      }
    },
    "bamboo": {
      "trigger": "minecraft:inventory_changed",
      "conditions": {
        "items": [
          {
            "items": "minecraft:bamboo",
            "count": {
              "min": 64
            }
          }
        ]
      }
    },
    "birch_log": {
      "trigger": "minecraft:inventory_changed",
      "conditions": {
        "items": [
          {
            "items": "minecraft:birch_log",
            "count": {
              "min": 64
            }
          }
        ]
      }
    },
    "birch_leaves": {
      "trigger": "minecraft:inventory_changed",
      "conditions": {
        "items": [
          {
            "items": "minecraft:birch_leaves",
            "count": {
              "min": 64
            }
          }
        ]
      }
    },
    "birch_sapling": {
      "trigger": "minecraft:inventory_changed",
      "conditions": {
        "items": [
          {
            "items": "minecraft:birch_sapling",
            "count": {
              "min": 64
            }
          }
        ]
      }
    },
    "cherry_log": {
      "trigger": "minecraft:inventory_changed",
      "conditions": {
        "items": [
          {
            "items": "minecraft:cherry_log",
            "count": {
              "min": 64
            }
          }
        ]
      }
    },
    "cherry_leaves": {
      "trigger": "minecraft:inventory_changed",
      "conditions": {
        "items": [
          {
            "items": "minecraft:cherry_leaves",
            "count": {
              "min": 64
            }
          }
        ]
      }
    },
    "cherry_sapling": {
      "trigger": "minecraft:inventory_changed",
      "conditions": {
        "items": [
          {
            "items": "minecraft:cherry_sapling",
            "count": {
              "min": 64
            }
          }
        ]
      }
    },
    "crimson_stem": {
      "trigger": "minecraft:inventory_changed",
      "conditions": {
        "items": [
          {
            "items": "minecraft:crimson_stem",
            "count": {
              "min": 64
            }
          }
        ]
      }
    },
    "crimson_fungus": {
      "trigger": "minecraft:inventory_changed",
      "conditions": {
        "items": [
          {
            "items": "minecraft:crimson_fungus",
            "count": {
              "min": 64
            }
          }
        ]
      }
    },
    "nether_wart_block": {
      "trigger": "minecraft:inventory_changed",
      "conditions": {
        "items": [
          {
            "items": "minecraft:nether_wart_block",
            "count": {
              "min": 64
            }
          }
        ]
      }
    },
    "dark_oak_log": {
      "trigger": "minecraft:inventory_changed",
      "conditions": {
        "items": [
          {
            "items": "minecraft:dark_oak_log",
            "count": {
              "min": 64
            }
          }
        ]
      }
    },
    "dark_oak_leaves": {
      "trigger": "minecraft:inventory_changed",
      "conditions": {
        "items": [
          {
            "items": "minecraft:dark_oak_leaves",
            "count": {
              "min": 64
            }
          }
        ]
      }
    },
    "dark_oak_sapling": {
      "trigger": "minecraft:inventory_changed",
      "conditions": {
        "items": [
          {
            "items": "minecraft:dark_oak_sapling",
            "count": {
              "min": 64
            }
          }
        ]
      }
    },
    "jungle_log": {
      "trigger": "minecraft:inventory_changed",
      "conditions": {
        "items": [
          {
            "items": "minecraft:jungle_log",
            "count": {
              "min": 64
            }
          }
        ]
      }
    },
    "jungle_leaves": {
      "trigger": "minecraft:inventory_changed",
      "conditions": {
        "items": [
          {
            "items": "minecraft:jungle_leaves",
            "count": {
              "min": 64
            }
          }
        ]
      }
    },
    "jungle_sapling": {
      "trigger": "minecraft:inventory_changed",
      "conditions": {
        "items": [
          {
            "items": "minecraft:jungle_sapling",
            "count": {
              "min": 64
            }
          }
        ]
      }
    },
    "mangrove_log": {
      "trigger": "minecraft:inventory_changed",
      "conditions": {
        "items": [
          {
            "items": "minecraft:mangrove_log",
            "count": {
              "min": 64
            }
          }
        ]
      }
    },
    "mangrove_leaves": {
      "trigger": "minecraft:inventory_changed",
      "conditions": {
        "items": [
          {
            "items": "minecraft:mangrove_leaves",
            "count": {
              "min": 64
            }
          }
        ]
      }
    },
    "mangrove_propagule": {
      "trigger": "minecraft:inventory_changed",
      "conditions": {
        "items": [
          {
            "items": "minecraft:mangrove_propagule",
            "count": {
              "min": 64
            }
          }
        ]
      }
    },
    "oak_log": {
      "trigger": "minecraft:inventory_changed",
      "conditions": {
        "items": [
          {
            "items": "minecraft:oak_log",
            "count": {
              "min": 64
            }
          }
        ]
      }
    },
    "oak_leaves": {
      "trigger": "minecraft:inventory_changed",
      "conditions": {
        "items": [
          {
            "items": "minecraft:oak_leaves",
            "count": {
              "min": 64
            }
          }
        ]
      }
    },
    "oak_sapling": {
      "trigger": "minecraft:inventory_changed",
      "conditions": {
        "items": [
          {
            "items": "minecraft:oak_sapling",
            "count": {
              "min": 64
            }
          }
        ]
      }
    },
    "spruce_log": {
      "trigger": "minecraft:inventory_changed",
      "conditions": {
        "items": [
          {
            "items": "minecraft:spruce_log",
            "count": {
              "min": 64
            }
          }
        ]
      }
    },
    "spruce_leaves": {
      "trigger": "minecraft:inventory_changed",
      "conditions": {
        "items": [
          {
            "items": "minecraft:spruce_leaves",
            "count": {
              "min": 64
            }
          }
        ]
      }
    },
    "spruce_sapling": {
      "trigger": "minecraft:inventory_changed",
      "conditions": {
        "items": [
          {
            "items": "minecraft:spruce_sapling",
            "count": {
              "min": 64
            }
          }
        ]
      }
    },
    "warped_stem": {
      "trigger": "minecraft:inventory_changed",
      "conditions": {
        "items": [
          {
            "items": "minecraft:warped_stem",
            "count": {
              "min": 64
            }
          }
        ]
      }
    },
    "warped_wart_block": {
      "trigger": "minecraft:inventory_changed",
      "conditions": {
        "items": [
          {
            "items": "minecraft:warped_wart_block",
            "count": {
              "min": 64
            }
          }
        ]
      }
    },
    "warped_fungus": {
      "trigger": "minecraft:inventory_changed",
      "conditions": {
        "items": [
          {
            "items": "minecraft:warped_fungus",
            "count": {
              "min": 64
            }
          }
        ]
      }
    },
    "azalia_leaves": {
      "trigger": "minecraft:inventory_changed",
      "conditions": {
        "items": [
          {
            "items": "minecraft:azalea_leaves",
            "count": {
              "min": 64
            }
          }
        ]
      }
    },
    "flowering_azalea_leaves": {
      "trigger": "minecraft:inventory_changed",
      "conditions": {
        "items": [
          {
            "items": "minecraft:flowering_azalea_leaves",
            "count": {
              "min": 64
            }
          }
        ]
      }
    },
    "pale_oak_log": {
      "trigger": "minecraft:inventory_changed",
      "conditions": {
        "items": [
          {
            "items": "minecraft:pale_oak_log",
            "count": {
              "min": 64
            }
          }
        ]
      }
    },
    "pale_oak_leaves": {
      "trigger": "minecraft:inventory_changed",
      "conditions": {
        "items": [
          {
            "items": "minecraft:pale_oak_leaves",
            "count": {
              "min": 64
            }
          }
        ]
      }
    },
    "pale_oak_sapling": {
      "trigger": "minecraft:inventory_changed",
      "conditions": {
        "items": [
          {
            "items": "minecraft:pale_oak_sapling",
            "count": {
              "min": 64
            }
          }
        ]
      }
    }
  },
  "rewards": {
    "function": "bacaped_rewards:building/artificial_forest"
  }
}