{
  "display": {
    "icon": {
      "id": "minecraft:player_head",
      "components": {
        "minecraft:profile": {
          "id": [
            1871315265,
            237453656,
            -1635373977,
            -1348746980
          ],
          "properties": [
            {
              "name": "textures",
              "value": "eyJ0ZXh0dXJlcyI6eyJTS0lOIjp7InVybCI6Imh0dHA6Ly90ZXh0dXJlcy5taW5lY3JhZnQubmV0L3RleHR1cmUvYzU1YWE0ZGE1MWU3MzkwNTg5YWY2YjY0NTJmNzZiNmRjYmQ1ZTAxNDNkNmU0ZDdjMzg2MTljNGVjNzRmYTI2NiJ9fX0="
            }
          ]
        }
      }
    },
    "title": {
      "translate": "A Long Journey"
    },
    "description": {
      "translate": "Ride at least 300 meters on a lava lake riding a Strider in the End",
      "color": "dark_purple"
    },
    "frame": "challenge",
    "announce_to_chat": true
  },
  "parent": "minecraft:nether/ride_strider_in_overworld_lava",
  "criteria": {
    "ride_entity_distance": {
      "trigger": "minecraft:ride_entity_in_lava",
      "conditions": {
        "player": [
          {
            "condition": "minecraft:entity_properties",
            "entity": "this",
            "predicate": {
              "location": {
                "dimension": "minecraft:the_end"
              },
              "vehicle": {
                "type": "minecraft:strider"
              }
            }
          }
        ],
        "distance": {
          "horizontal": {
            "min": 300
          }
        }
      }
    }
  },
  "rewards": {
    "function": "bacaped_rewards:nether/a_long_journey"
  }
}