{
  "display": {
    "icon": {
      "id": "minecraft:piglin_head"
    },
    "title": {
      "translate": "Bastion Sweet Bastion"
    },
    "description": {
      "translate": "Barter with a Piglin in a bastion with a golden axe in the main hand while wearing the Piglin's head and a piece of the golden armor",
      "color": "#75E1FF"
    },
    "frame": "goal",
    "announce_to_chat": true
  },
  "parent": "bacaped:nether/bastion_robber",
  "criteria": {
    "trigger": {
      "trigger": "minecraft:thrown_item_picked_up_by_player",
      "conditions": {
        "player": [
          {
            "condition": "minecraft:any_of",
            "terms": [
              {
                "condition": "minecraft:entity_properties",
                "entity": "this",
                "predicate": {
                  "equipment": {
                    "feet": {
                      "items": [
                        "minecraft:golden_boots"
                      ]
                    }
                  }
                }
              },
              {
                "condition": "minecraft:entity_properties",
                "entity": "this",
                "predicate": {
                  "equipment": {
                    "chest": {
                      "items": [
                        "minecraft:golden_chestplate"
                      ]
                    }
                  }
                }
              },
              {
                "condition": "minecraft:entity_properties",
                "entity": "this",
                "predicate": {
                  "equipment": {
                    "legs": {
                      "items": [
                        "minecraft:golden_leggings"
                      ]
                    }
                  }
                }
              }
            ]
          },
          {
            "condition": "minecraft:entity_properties",
            "entity": "this",
            "predicate": {
              "location": {
                "structure": "minecraft:bastion_remnant"
              },
              "equipment": {
                "head": {
                  "items": [
                    "minecraft:piglin_head"
                  ]
                },
                "mainhand": {
                  "items": [
                    "minecraft:golden_axe"
                  ]
                }
              }
            }
          }
        ],
        "entity": {
          "type": "minecraft:piglin"
        }
      }
    }
  },
  "rewards": {
    "function": "bacaped_rewards:nether/bastion_sweet_bastion"
  }
}