{
  "display": {
    "icon": {
      "id": "minecraft:tipped_arrow",
      "components": {
        "minecraft:potion_contents": {
          "potion": "minecraft:fire_resistance"
        }
      }
    },
    "title": {
      "translate": "Blaze3D"
    },
    "description": {
      "translate": "Kill three Blazes with a single piercing shot",
      "color": "dark_purple"
    },
    "frame": "challenge",
    "announce_to_chat": true
  },
  "parent": "blazeandcave:nether/time_to_fire_back",
  "criteria": {
    "kill_3_blazes": {
      "trigger": "minecraft:killed_by_arrow",
      "conditions": {
        "fired_from_weapon": {
          "items": "minecraft:crossbow"
        },
        "victims": [
          {
            "type": "minecraft:blaze"
          },
          {
            "type": "minecraft:blaze"
          },
          {
            "type": "minecraft:blaze"
          }
        ]
      }
    }
  },
  "rewards": {
    "function": "bacaped_rewards:nether/blaze3d"
  }
}