{
  "display": {
    "icon": {
      "id": "minecraft:player_head",
      "components": {
        "minecraft:profile": {
          "id": [
            1738146868,
            1319583888,
            -1775204765,
            1174337335
          ],
          "properties": [
            {
              "name": "textures",
              "value": "eyJ0ZXh0dXJlcyI6eyJTS0lOIjp7InVybCI6Imh0dHA6Ly90ZXh0dXJlcy5taW5lY3JhZnQubmV0L3RleHR1cmUvMzcwZmEwNTA0YWY2MmNkZjM0NWE3OGY3YjMwZTg3YmI0ZjViYWQyOTZmYzJiNDIzNzRjOTFlODczNDIifX19"
            }
          ]
        }
      }
    },
    "title": {
      "translate": "Firefox"
    },
    "description": {
      "translate": "Bring a red Fox in the Nether",
      "color": "#75E1FF"
    },
    "frame": "goal",
    "announce_to_chat": true
  },
  "parent": "bacaped:nether/hot_lake",
  "criteria": {
    "trigger": {
      "trigger": "minecraft:impossible"
    }
  },
  "rewards": {
    "function": "bacaped_rewards:nether/firefox"
  }
}