{
  "display": {
    "icon": {
      "id": "minecraft:fishing_rod",
      "components": {
        "minecraft:enchantment_glint_override": true
      }
    },
    "title": {
      "translate": "Hot Lake"
    },
    "description": {
      "translate": "Use a fishing rod to hook a Salmon from the lava in the Nether",
      "color": "#75E1FF"
    },
    "frame": "goal",
    "announce_to_chat": true
  },
  "parent": "minecraft:nether/ride_strider_in_overworld_lava",
  "criteria": {
    "dog_cat_parrot_frogs": {
      "trigger": "minecraft:fishing_rod_hooked",
      "conditions": {
        "entity": {
          "type": "minecraft:salmon",
          "location": {
            "fluid": {
              "fluids": "#minecraft:lava"
            }
          }
        }
      }
    }
  },
  "rewards": {
    "function": "bacaped_rewards:nether/hot_lake"
  }
}