{
  "display": {
    "icon": {
      "id": "minecraft:cooked_porkchop"
    },
    "title": {
      "translate": "Impostor"
    },
    "description": {
      "translate": "Ride a Pig in the Nether",
      "color": "#75E1FF"
    },
    "frame": "goal",
    "announce_to_chat": true
  },
  "parent": "blazeandcave:nether/roadhog",
  "criteria": {
    "ride_a_pig_in_the_nether": {
      "trigger": "minecraft:started_riding",
      "conditions": {
        "player": {
          "vehicle": {
            "type": "minecraft:pig",
            "location": {
              "dimension": "minecraft:the_nether"
            }
          }
        }
      }
    }
  },
  "rewards": {
    "function": "bacaped_rewards:nether/impostor"
  }
}