{
  "display": {
    "icon": {
      "id": "minecraft:reinforced_deepslate"
    },
    "title": {
      "translate": "Withering Depths"
    },
    "description": {
      "translate": "Summon and kill the Wither in an ancient city"
    },
    "frame": "challenge",
    "announce_to_chat": true
  },
  "parent": "blazeandcave:nether/decaying_beauty",
  "criteria": {
    "trigger": {
      "trigger": "minecraft:player_killed_entity",
      "conditions": {
        "entity": {
          "type": "minecraft:wither",
          "location": {
            "structures": "minecraft:ancient_city"
          }
        }
      }
    }
  },
  "rewards": {
    "function": "bacaped_rewards:nether/withering_depths"
  }
}