{
    "display": {
        "icon": {
            "id": "minecraft:crossbow",
            "components": {
              "minecraft:enchantment_glint_override": true
            }
        },
        "title": "5 Birds 1 Stone",
        "description": {"color":"dark_red","text":"Kill 5 Vexes with 1 Crossbow Shot"},
		"frame": "challenge"
    },
    "parent": "blazeandcave:adventure/ghostbuster",
	"criteria": {
		"5_birds_1_stone": {
			"trigger": "minecraft:killed_by_arrow",
			"conditions": {
			    "fired_from_weapon": {
                              "items": "minecraft:crossbow"
                          },
				"victims": [
					{
						"type": "minecraft:vex"
					},
					{
						"type": "minecraft:vex"
					},
					{
					        "type": "minecraft:vex"
					},
					{
					        "type" :"minecraft:vex"
					},
					{
					        "type": "minecraft:vex"
 					}
				]
			}
		}
	},
	"rewards": {
		"function": "blackbirds_torture_chamber:rewards/stuff/5_birds_1_stone"
	}
}