{
    "display": {
        "icon": {
            "id": "minecraft:poisonous_potato",
            "components": {
                "minecraft:enchantment_glint_override": true
            }
        },
        "title": "A Poison a Day",
        "description": {"color":"dark_red","text":"Eat a Poisonous Potato every Day for 365 In-Game Days"},
		"frame": "challenge"
    },
    "parent": "blazeandcave:farming/not_today",	
    "criteria": {
        "an_apple_a_day": {
            "trigger": "minecraft:impossible"
        }
    },
	"rewards": {
		"function": "blackbirds_torture_chamber:rewards/stuff/a_poison_a_day"
	}
}