{
    "display": {
        "title": "AAAAAAAAAAAAAAAAAAAAAAAAAAAAAAAAAAA",
        "description": {
            "color": "dark_red",
            "text": "Kill 100 Screaming Goats"
        },
        "icon": {
            "id": "minecraft:goat_spawn_egg"
        },
        "frame": "challenge",
        "announce_to_chat": true
    },
    "parent": "blazeandcave:animal/screaming_milk",
    "criteria": {
        "AAAAAAAAAAAAAAAAAAAAAAAAAAAAAAAAAAA": {
            "trigger": "minecraft:impossible"
        }
    },
    "rewards": {
        "function": "blackbirds_torture_chamber:rewards/stuff/aaaaaaa"
    }
}
