{
  "display": {
    "icon": {
      "id": "minecraft:totem_of_undying",
      "components": {
        "minecraft:enchantment_glint_override": true
      }
    },
    "title": {
      "translate": "Actual Immortal"
    },
    "description": {
      "translate": "Don't die for 1000 Days Straight",
      "color": "dark_red"
    },
    "frame": "challenge",
    "announce_to_chat": true,
    "hidden": false
  },
  "parent": "blazeandcave:challenges/immortal",
  "criteria": {
    "actual_immortal": {
      "trigger": "minecraft:location",
      "conditions": {
        "player": {
          "type_specific": {
            "type": "player",
            "stats": [
              {
                "type": "minecraft:custom",
                "stat": "minecraft:time_since_death",
                "value": {
                  "min": 24000000
                }
              }
            ]
          }
        }
      }
    }
  },
  "rewards": {
    "function": "blackbirds_torture_chamber:rewards/stuff/actual_immortal"
  }
}
