{
    "display": {
        "icon": {
            "id": "minecraft:elytra",
            "components": {
                "minecraft:enchantment_glint_override": true
            }
        },
        "title": {
            "text": "Al Gore's Redemption"
        },
        "description": {
            "color": "dark_red",
            "text": "Defeat a Warden named Manbearpig with a Netherite Hoe while just wearing an Elytra"
        },
        "frame": "challenge"
    },
    "parent": "blazeandcave:nether/fool_me_twice",
    "criteria": {
        "globe_do_be_happy_now": {
            "trigger": "minecraft:player_killed_entity",
            "conditions": {
                "entity": {
                    "type": "minecraft:warden",
                    "nbt": "{CustomName:\"Manbearpig\"}"
                },
                "killing_blow": {
                    "tags": [
						{
							"id":"blackbirds_torture_chamber:is_player_attack",
							"expected":true
						}
					],
                    "direct_entity": {
                        "type": "minecraft:player",
                        "equipment": {
                            "mainhand": {
                                "items": [
                                    "minecraft:netherite_hoe"
                                ]
                            },
                            "head":{
                                "items":[
                                    "minecraft:air"
                                ]
                            },
                            "chest":{
                                "items":[
                                    "minecraft:elytra"
                                ]
                            },
                            "legs":{
                                "items":[
                                    "minecraft:air"
                                ]
                            },
                            "feet":{
                                "items":[
                                    "minecraft:air"
                                ]
                            }
                        }
                    }
                }
            }
        }
    },
    "rewards": {
        "function": "blackbirds_torture_chamber:rewards/stuff/al_gores_redemption"
    }
}
