{
    "display": {
        "title": "Armory of the Ages",
        "description": {
            "color": "dark_red",
            "text": "Obtain every Armor Piece with every Armor Trim in every Material"
        },
        "icon": {
            "id": "turtle_helmet",
            "components": {
				"minecraft:trim": {
					"material": "minecraft:netherite",
					"pattern": "minecraft:silence"
				}
			}
        },
        "frame": "challenge"
    },
    "parent": "blazeandcave:adventure/chromatic_armory",
    "rewards": {
        "function": "blackbirds_torture_chamber:rewards/stuff/armory_of_the_ages"
    },
    "criteria": {
        "turtle": {
            "trigger": "minecraft:location",
            "conditions": {
                "player": {
                    "type_specific": {
                        "type": "player",
                        "advancements": {
                            "blackbirds_torture_chamber:technical/armory_of_the_ages_turtle": true
                        }
                    }
                }
            }
        },
        "leather": {
            "trigger": "minecraft:location",
            "conditions": {
                "player": {
                    "type_specific": {
                        "type": "player",
                        "advancements": {
                            "blackbirds_torture_chamber:technical/armory_of_the_ages_leather": true
                        }
                    }
                }
            }
        },
        "chain": {
            "trigger": "minecraft:location",
            "conditions": {
                "player": {
                    "type_specific": {
                        "type": "player",
                        "advancements": {
                            "blackbirds_torture_chamber:technical/armory_of_the_ages_chain": true
                        }
                    }
                }
            }
        },
        "gold": {
            "trigger": "minecraft:location",
            "conditions": {
                "player": {
                    "type_specific": {
                        "type": "player",
                        "advancements": {
                            "blackbirds_torture_chamber:technical/armory_of_the_ages_gold": true
                        }
                    }
                }
            }
        },
        "iron": {
            "trigger": "minecraft:location",
            "conditions": {
                "player": {
                    "type_specific": {
                        "type": "player",
                        "advancements": {
                            "blackbirds_torture_chamber:technical/armory_of_the_ages_iron": true
                        }
                    }
                }
            }
        },
        "diamond": {
            "trigger": "minecraft:location",
            "conditions": {
                "player": {
                    "type_specific": {
                        "type": "player",
                        "advancements": {
                            "blackbirds_torture_chamber:technical/armory_of_the_ages_diamond": true
                        }
                    }
                }
            }
        },
        "netherite": {
            "trigger": "minecraft:location",
            "conditions": {
                "player": {
                    "type_specific": {
                        "type": "player",
                        "advancements": {
                            "blackbirds_torture_chamber:technical/armory_of_the_ages_netherite": true
                        }
                    }
                }
            }
        },
        "copper": {
            "trigger": "minecraft:location",
            "conditions": {
                "player": {
                    "type_specific": {
                        "type": "player",
                        "advancements": {
                            "blackbirds_torture_chamber:technical/armory_of_the_ages_copper": true
                        }
                    }
                }
            }
        }
    }
}