{
	"display": {
		"icon": {
			"id": "minecraft:target"
		},
		"title": {"translate":"Arrows are off"},
		"description": {"color":"dark_red","text":"Die from a Skeleton, that is not using an Arrow"},
		"frame": "challenge"
	},
	"parent": "blazeandcave:weaponry/bow_spammer",
	"rewards": {
		"function": "blackbirds_torture_chamber:rewards/stuff/arrows_are_off"
	},		
	"criteria": {
        "die_not_from_arrows": {
            "trigger": "minecraft:entity_killed_player",
            "conditions": {
				"entity":{
					"type":"minecraft:skeleton"
				},
                "killing_blow": {
                    "tags": [
						{
							"id":"blackbirds_torture_chamber:is_arrow",
							"expected":false
						}
					]
                }
            }
        }
	}
}