{
	"display": {
		"icon": {
			"id": "minecraft:porkchop"
		},
		"title": {"translate":"Bacon Punch"},
		"description": {"color":"dark_red","text":"Get punched by a Piglin Barehand"},
		"frame": "challenge"
	},
	"parent": "blazeandcave:nether/cultural_misunderstandings",
	"rewards": {
		"function": "blackbirds_torture_chamber:rewards/stuff/bacon_punch"
	},		
	"criteria": {
        "bacon_punching": {
			"trigger": "minecraft:entity_hurt_player",
			"conditions": {
				"damage": {
					"type": {
						"direct_entity":{
							"type":"minecraft:piglin",
							"equipment":{
								"mainhand":{
									"items":"minecraft:air"
								}
							}
						}
					}
				}
			}
		}
	}
}