{
    "display": {
        "title": {
            "text": "Baterang Duel"
        },
        "description": {
            "color": "dark_red",
            "text": "Kill a Bat from at least 100 Blocks away",
            "extra":[{"text":"\n"},{"italic":true,"color":"dark_gray","translate":"The Distance needs to be Horizontal"}]
        },
        "icon": {
            "id": "minecraft:player_head",
            "components": {
                "minecraft:profile": {
                    "id": [
                        -191833319,
                        -560838190,
                        -1520611936,
                        444367289
                    ],
                    "properties": [
                        {
                            "name": "textures",
                            "value": "eyJ0ZXh0dXJlcyI6eyJTS0lOIjp7InVybCI6Imh0dHA6Ly90ZXh0dXJlcy5taW5lY3JhZnQubmV0L3RleHR1cmUvMjc5NmFhNmQxOGVkYzViNzI0YmQ4OWU5ODNiYzMyMTVhNDFiZjc3NWQxMTI2MzVlOWI1ODM1ZDFiOGFkMjBjYiJ9fX0="
                        }
                    ]
                }
            }
        },
        "frame": "challenge"
    },
    "parent": "minecraft:adventure/sniper_duel",
    "criteria": {
        "kill_the_bat": {
            "trigger": "minecraft:player_killed_entity",
            "conditions": {
                "killing_blow": {
                    "tags": [
						{
							"id": "minecraft:is_projectile",
							"expected": true
						}
					]
                },
                "entity": {
                    "type": "minecraft:bat",
                    "distance": {
                        "horizontal": {
                            "min": 100
                        }
                    }
                }
            }
        }
    },
    "rewards": {
        "function": "blackbirds_torture_chamber:rewards/stuff/baterang_duel"
    }
}
