{
    "display": {
        "title": "Because I'm Batman",
        "description": {
            "color": "dark_red",
            "text": "Pick up at least 100 more Spyglasses than you've dropped, which you can use to spy on Bats"
        },
        "icon": {
            "id": "spyglass"
        },
        "frame": "challenge"
    },
    "criteria": {
        "because_im_batman": {
            "trigger": "impossible"
        }
    },
    "parent": "blazeandcave:mining/nananananananana",
	"rewards": {
		"function": "blackbirds_torture_chamber:rewards/stuff/because_im_batman"
	}
}