{
    "display": {
        "icon": {
            "id": "minecraft:spyglass"        },
        "title": "Big Nose Close-up",
        "description": {
            "color": "dark_red",
            "text": "Use a Spyglass to zoom in on a Villager's Nose from less than 1 Block away"
        },
        "frame": "challenge"
    },
    "parent": "minecraft:adventure/trade",
    "criteria": {
        "big_nose": {
			"trigger": "minecraft:using_item",
			"conditions": {
				"player": [
					{
						"condition": "minecraft:entity_properties",
						"predicate": {
							"type_specific": {
								"type": "player",
								"looking_at": {
									"type": "minecraft:villager",
									"distance": {
										"absolute": {
											"max": 1
										}
									}
								}
							}
						},
						"entity": "this"
					}
				],
				"item": {
					"items": [
						"minecraft:spyglass"
					]
				}
			}
		}
    },
	"rewards": {
		"function": "blackbirds_torture_chamber:rewards/stuff/big_nose_close_up"
	}
}