{
	"display": {
		"icon": {
			"id": "minecraft:reinforced_deepslate"
		},
		"title": "Care for Wardens",
		"frame": "challenge",
		"description": {"color":"dark_red","text":"Time to go mine 8 Reinforced Deepslates"}
	},
	"parent": "blackbirds_torture_chamber:stuff/even_future_entities",
	"rewards": {
		"function": "blackbirds_torture_chamber:rewards/stuff/care_for_wardens"
	},
	"criteria": {
        "reinforced_deepslate": {
            "trigger": "minecraft:location",
			"conditions": {
				"player":  {
					"type_specific": {
						"type": "player",
						"stats": [
							{
								"type": "minecraft:mined",
								"stat": "minecraft:reinforced_deepslate",
								"value": {
									"min": 8
								}
							}
						]
					}
				}
			}
        }
	}
}