{
    "display": {
        "icon": {
            "id": "minecraft:dragon_head",
            "components": {
                "minecraft:enchantment_glint_override": true
            }
        },
        "title": {
            "text": "The End of City looting"
        },
        "description": {
            "color": "black",
            "text": "Stand on a Chest filled with Dragon Heads"
        },
        "frame": "challenge"
    },
    "criteria": {
        "trigger": {
            "trigger": "minecraft:impossible"
        }
    },
    "parent": "blackbirds_torture_chamber:technical/invisible/invisible_for_chestful_of_dragon_head2",
    "rewards": {
        "function": "blackbirds_torture_chamber:rewards/stuff/chestful_of_dragon_head"
    }
}