{
    "display": {
        "icon": {
            "id": "minecraft:netherite_block",
            "components": {
                "minecraft:enchantment_glint_override": true
            }
        },
        "title": {
            "text": "Have Fun lol"
        },
        "description": {
            "color": "black",
            "text": "Stand on a Chest filled with Netherite Blocks"
        },
        "frame": "challenge"
    },
    "criteria": {
        "trigger": {
            "trigger": "minecraft:impossible"
        }
    },
    "parent": "blackbirds_torture_chamber:technical/invisible/invisible_for_chestful_of_netherite_blocks2",
    "rewards": {
        "function": "blackbirds_torture_chamber:rewards/stuff/chestful_of_netherite_blocks"
    }
}
