{
    "display": {
        "icon": {
            "id": "minecraft:bee_nest",
            "components": {
                "minecraft:enchantment_glint_override": true
            }
        },
        "title": "Barried Alive",
        "description": {"color":"dark_red","text":"Stand on a Chest filled with Bee Nests"},
        "frame":"challenge"
    },
    "criteria": {
        "trigger": {
            "trigger": "minecraft:impossible"
        }
    },
    "parent": "blazeandcave:animal/honey_im_home",
    "rewards": {
        "function": "blackbirds_torture_chamber:rewards/stuff/chestful_of_bee_nest"
    }
}
