{
    "display": {
        "icon": {
            "id": "minecraft:skeleton_skull",
            "components": {
                "minecraft:enchantment_glint_override": true
            }
        },
        "title": {
            "text": "What did it cost? 8 years."
        },
        "description": {
            "color": "dark_red",
            "text": "Stand on a Chest filled with Skeleton Skulls"
        },
        "frame": "challenge"
    },
    "criteria": {
        "trigger": {
            "trigger": "minecraft:impossible"
        }
    },
    "parent": "blazeandcave:monsters/spooky_skulls",
    "rewards": {
        "function": "blackbirds_torture_chamber:rewards/stuff/chestful_of_skeleton_skulls"
    }
}
