{
    "display": {
        "icon": {
            "id": "minecraft:emerald_ore",
            "components": {
                "minecraft:enchantment_glint_override": true
            }
        },
        "title": {
            "text": "Mountain Miner"
        },
        "description": {
            "color": "dark_red",
            "text": "Stand on a Chest filled with Emerald Ores"
        },
        "frame": "challenge"
    },
    "criteria": {
        "trigger": {
            "trigger": "minecraft:impossible"
        }
    },
    "parent": "blazeandcave:mining/emerald_miner",
    "rewards": {
        "function": "blackbirds_torture_chamber:rewards/stuff/chestful_of_emerald_ore"
    }
}
