{
    "display": {
        "icon": {
            "id": "minecraft:dispenser",
            "components": {
                "minecraft:enchantment_glint_override": true
            }
        },
        "title": {
            "text": "Dispensers are Stackable Bows"
        },
        "description": {
            "color": "dark_red",
            "text": "Stand on a Chest filled with Dispensers"
        },
        "frame": "challenge"
    },
    "criteria": {
        "trigger": {
            "trigger": "minecraft:impossible"
        }
    },
    "parent": "blazeandcave:redstone/dispense_with_this",
    "rewards": {
        "function": "blackbirds_torture_chamber:rewards/stuff/chestful_of_dispenser"
    }
}
