{
    "display": {
        "icon": {
            "id": "minecraft:beacon",
            "components": {
                "minecraft:enchantment_glint_override": true
            }
        },
        "title": {
            "text": "Yes"
        },
        "description": {
            "color": "dark_red",
            "text": "Stand on a Chest filled with Beacons"
        },
        "frame": "challenge"
    },
    "criteria": {
        "trigger": {
            "trigger": "minecraft:impossible"
        }
    },
    "parent": "minecraft:nether/create_beacon",
    "rewards": {
        "function": "blackbirds_torture_chamber:rewards/stuff/chestful_of_beacons"
    }
}
