{
	"display": {
		"icon": {
			"id": "minecraft:piglin_head"
		},
		"title": {"translate":"Double Nose"},
		"description": {"color":"dark_red","translate":"Kill a Villager wearing a Piglin Head"},
		"announce_to_chat": true,
		"frame": "challenge"
	},
	"parent": "blackbirds_torture_chamber:stuff/training_session",
	"rewards": {
		"function": "blackbirds_torture_chamber:rewards/stuff/double_nose"
	},		
	"criteria": {
		"villager": {
			"trigger": "minecraft:player_killed_entity",
			"conditions": {
				"entity": {
					"type":"villager",
					"equipment": {
						"head": {
							"items": [
								"minecraft:piglin_head"
							]
						}
					}
				}
			}
		}
	}
}