{
    "display": {
        "title": "Endermite Ender",
        "description": {"color":"dark_red","text":"Kill 10,000 Endermite"},
        "icon": {
            "id": "ender_pearl"
        },
        "frame": "challenge"
    },
    "criteria": {
        "endermite_ender": {
            "trigger": "minecraft:location",
			"conditions": {
				"player":  {
					"type_specific": {
						"type": "player",
						"stats": [
							{
								"type": "minecraft:killed",
								"stat": "minecraft:endermite",
								"value": {
									"min": 10000
								}
							}
						]
					}
				}
			}
        }
    },
    "parent": "blazeandcave:monsters/ender_worm",
	"rewards": {
		"function": "blackbirds_torture_chamber:rewards/stuff/endermite_ender"
	}
}