{
	"display": {
		"icon": {
			"id": "minecraft:frogspawn"
		},
		"title": "Even Future Entities",
		"frame": "challenge",
		"description": {"color":"dark_red","text":"You permanently removed two Budding Amethysts, now permanently remove four Frogspawns"}
	},
	"parent": "blackbirds_torture_chamber:stuff/permanent_destruction",
	"rewards": {
		"function": "blackbirds_torture_chamber:rewards/stuff/even_future_entities"
	},
	"criteria": {
        "frogspawn": {
            "trigger": "minecraft:location",
			"conditions": {
				"player":  {
					"type_specific": {
						"type": "player",
						"stats": [
							{
								"type": "minecraft:mined",
								"stat": "minecraft:frogspawn",
								"value": {
									"min": 4
								}
							}
						]
					}
				}
			}
        }
	}
}