{
    "display": {
        "icon": {
            "id": "minecraft:crossbow"
        },
        "title": "EXTINCTION",
        "description": {"color":"dark_red","text":"Kill a Strength 5 Llama, a Black Rabbit, a Brown Panda, a Blue Axolotl and a Jungle Nitwit with a Single Piercing Arrow"},
		"frame": "challenge"
    },
    "parent": "blazeandcave:end/good_luck_getting_this_one",
	"criteria": {
		"exctinction": {
			"trigger": "minecraft:killed_by_arrow",
			"conditions": {
				"victims": [
					{
						"type": "minecraft:llama",
                        "nbt": "{Strength:5}"
					},
					{
						"type": "minecraft:rabbit",
                        "nbt": "{RabbitType:2}"
					},
                    {
                        "type": "minecraft:panda",
                        "nbt": "{MainGene:\"brown\",HiddenGene:\"brown\"}"
                    },
                    {
                        "type" :"minecraft:axolotl",
                        "nbt": "{Variant:4}"
                    },
                    {
                        "type": "minecraft:villager",
                        "nbt": "{VillagerData:{profession:\"minecraft:nitwit\",type:\"minecraft:jungle\"}}"
                    }
				]
			}
		}
	},
	"rewards": {
		"function": "blackbirds_torture_chamber:rewards/stuff/extinction"
	}
}