{
    "display": {
        "icon": {
            "id": "minecraft:spawner"
        },
        "title": "Farm Destroyer",
        "description": {"color":"dark_red","text":"Mine a Stack of Spawners and realise you get None"},
		"frame": "challenge"
    },
    "parent": "blackbirds_torture_chamber:stuff/trial_destruction",
    "criteria": {
        "ring_of_the_end": {
            "trigger": "minecraft:location",
			"conditions": {
				"player":  {
					"type_specific": {
						"type": "player",
						"stats": [
							{
								"type": "minecraft:mined",
								"stat": "minecraft:spawner",
								"value": {
									"min": 64
								}
							}
						]
					}
				}
			}
        }
    },
	"rewards": {
		"function": "blackbirds_torture_chamber:rewards/stuff/farm_destroyer"
	}
}