{
    "display": {
        "icon": {
            "id": "red_sand"
        },
        "title": "Florida Man",
        "description": {
            "color": "dark_red",
            "text": "Kill a Wither while having Nothing in your Inventory"
        },
        "frame": "challenge"
    },
    "parent": "minecraft:nether/summon_wither",
	"rewards": {
		"function": "blackbirds_torture_chamber:rewards/stuff/florida_man"
	},
    "criteria": {
        "florida_man": {
            "trigger": "minecraft:player_killed_entity",
            "conditions": {
                "entity": {
                   "type": "minecraft:wither"
                },
                "killing_blow": {
                    "tags": [
                        {
                            "id":"blackbirds_torture_chamber:is_player_attack",
                            "expected":true
                        }
                    ],
                    "direct_entity":{
                       "equipment":{
                           "offhand":{
                               "count":0
                           },
                           "mainhand":{
                               "count":0
                            },
                           "head":{
                               "count":0
                           },
                           "chest":{
                               "count":0
                           },
                           "legs":{
                                "count":0
                            },
                           "feet":{
                               "count":0
                           }
                        },
                        "slots":{
                            "hotbar.0":{
                                "count":0
                            },
                            "hotbar.1":{
                                "count":0
                            },
                            "hotbar.2":{
                                "count":0
                            },
                            "hotbar.3":{
                                "count":0
                            },
                            "hotbar.4":{
                                "count":0
                            },
                            "hotbar.5":{
                                "count":0
                            },
                            "hotbar.6":{
                                "count":0
                            },
                            "hotbar.7":{
                                "count":0
                            },
                            "hotbar.8":{
                                "count":0
                            },
                            "inventory.0":{
                                "count":0
                            },
                            "inventory.1":{
                                "count":0
                            },
                            "inventory.2":{
                                "count":0
                            },
                            "inventory.3":{
                                "count":0
                            },
                            "inventory.4":{
                                "count":0
                            },
                            "inventory.5":{
                                "count":0
                            },
                            "inventory.6":{
                                "count":0
                            },
                            "inventory.7":{
                                "count":0
                            },
                            "inventory.8":{
                                "count":0
                            },
                            "inventory.9":{
                                "count":0
                            },
                            "inventory.10":{
                                "count":0
                            },
                            "inventory.11":{
                                "count":0
                            },
                            "inventory.12":{
                                "count":0
                            },
                            "inventory.13":{
                                "count":0
                            },
                            "inventory.14":{
                                "count":0
                            },
                            "inventory.15":{
                                "count":0
                            },
                            "inventory.16":{
                                "count":0
                            },
                            "inventory.17":{
                                "count":0
                            },
                            "inventory.18":{
                                "count":0
                            },
                            "inventory.19":{
                                "count":0
                            },
                            "inventory.20":{
                                "count":0
                            },
                            "inventory.21":{
                                "count":0
                            },
                            "inventory.22":{
                                "count":0
                            },
                            "inventory.23":{
                                "count":0
                            },
                            "inventory.24":{
                                "count":0
                            },
                            "inventory.25":{
                                "count":0
                            },
                            "inventory.26":{
                                "count":0
                            }
                        }
                    }
                }
            }
        }
    }
}