{
    "display": {
        "icon": {
            "id": "minecraft:arrow",
            "components": {
                "minecraft:enchantment_glint_override": true
            }
        },
        "title": "Impossible... 2.0...",
        "description": {"color":"dark_red","text":"Kill the Wither with an Arrow"},
		"frame": "challenge"
    },
    "parent": "blazeandcave:monsters/impossible",	
    "criteria": {
        "impossible2": {
			"trigger": "minecraft:player_killed_entity",
			"conditions": {
				"entity": {
					"type": "minecraft:wither"
				},
				"killing_blow": {
                    "tags": [
						{
							"id":"blackbirds_torture_chamber:is_player_attack",
							"expected":true
						}
					],
					"direct_entity":{
						"equipment":{
							"mainhand":{
								"items":"minecraft:arrow"
							}
						}
					}
				}
			}
		},
		"supersonic_arrow":{
			"trigger":"minecraft:player_killed_entity",
			"conditions":{
				"entity":{
					"type":"minecraft:wither"
				},
				"killing_blow":{
					"direct_entity":{
						"type":"minecraft:arrow"
					}
				}
			}
		}
    },
	"requirements":[
		[
			"impossible2",
			"supersonic_arrow"
		]
	],
	"rewards": {
		"function": "blackbirds_torture_chamber:rewards/stuff/impossible2"
	}
}