{
    "display": {
        "title": "Jockeys up",
        "description": {"color":"dark_red","text":"Kill all Mobs Jockeys Combinations Possible, not including Mob Variants"},
        "icon": {
            "id": "piglin_head"
        },
        "frame": "challenge"
    },
    "parent": "blazeandcave:monsters/poultry_boy",
	"rewards": {
		"function": "blackbirds_torture_chamber:rewards/stuff/jockeys_up"
	},
    "criteria": {
        "chicken_under_zombie": {
            "trigger": "minecraft:player_killed_entity",
            "conditions": {
                "entity": {
                    "type": "chicken",
                    "passenger":{
                        "type":"zombie"
                    }
                }
            }
        },
        "zombie_on_chicken": {
            "trigger": "minecraft:player_killed_entity",
            "conditions": {
                "entity": {
                    "type": "zombie",
                    "vehicle": {
                        "type": "chicken"
                    }
                }
            }
        },
        "chicken_under_husk": {
            "trigger": "minecraft:player_killed_entity",
            "conditions": {
                "entity": {
                    "type": "chicken",
                    "passenger":{
                        "type":"husk"
                    }
                }
            }
        },
        "husk_on_chicken": {
            "trigger": "minecraft:player_killed_entity",
            "conditions": {
                "entity": {
                    "type": "husk",
                    "vehicle": {
                        "type": "chicken"
                    }
                }
            }
        },
        "chicken_under_drowned": {
            "trigger": "minecraft:player_killed_entity",
            "conditions": {
                "entity": {
                    "type": "chicken",
                    "passenger":{
                        "type":"drowned"
                    }
                }
            }
        },
        "drowned_on_chicken": {
            "trigger": "minecraft:player_killed_entity",
            "conditions": {
                "entity": {
                    "type": "drowned",
                    "vehicle": {
                        "type": "chicken"
                    }
                }
            }
        },
        "chicken_under_zillager": {
            "trigger": "minecraft:player_killed_entity",
            "conditions": {
                "entity": {
                    "type": "chicken",
                    "passenger":{
                        "type":"zombie_villager"
                    }
                }
            }
        },
        "zillager_on_chicken": {
            "trigger": "minecraft:player_killed_entity",
            "conditions": {
                "entity": {
                    "type": "zombie_villager",
                    "vehicle": {
                        "type": "chicken"
                    }
                }
            }
        },
        "chicken_under_villager": {
            "trigger": "minecraft:player_killed_entity",
            "conditions": {
                "entity": {
                    "type": "chicken",
                    "passenger":{
                        "type":"villager"
                    }
                }
            }
        },
        "villager_on_chicken": {
            "trigger": "minecraft:player_killed_entity",
            "conditions": {
                "entity": {
                    "type": "villager",
                    "vehicle": {
                        "type": "chicken"
                    }
                }
            }
        },
        "chicken_under_witch": {
            "trigger": "minecraft:player_killed_entity",
            "conditions": {
                "entity": {
                    "type": "chicken",
                    "passenger":{
                        "type":"witch"
                    }
                }
            }
        },
        "witch_on_chicken": {
            "trigger": "minecraft:player_killed_entity",
            "conditions": {
                "entity": {
                    "type": "witch",
                    "vehicle": {
                        "type": "chicken"
                    }
                }
            }
        },
        "chicken_under_ziglin": {
            "trigger": "minecraft:player_killed_entity",
            "conditions": {
                "entity": {
                    "type": "chicken",
                    "passenger":{
                        "type":"zombified_piglin"
                    }
                }
            }
        },
        "ziglin_on_chicken": {
            "trigger": "minecraft:player_killed_entity",
            "conditions": {
                "entity": {
                    "type": "zombified_piglin",
                    "vehicle": {
                        "type": "chicken"
                    }
                }
            }
        },
        "strider_under_ziglin": {
            "trigger": "minecraft:player_killed_entity",
            "conditions": {
                "entity": {
                    "type": "strider",
                    "passenger":{
                        "type":"zombified_piglin"
                    }
                }
            }
        },
        "ziglin_on_strider": {
            "trigger": "minecraft:player_killed_entity",
            "conditions": {
                "entity": {
                    "type": "zombified_piglin",
                    "vehicle": {
                        "type": "strider"
                    }
                }
            }
        },
        "strider_under_strider": {
            "trigger": "minecraft:player_killed_entity",
            "conditions": {
                "entity": {
                    "type": "strider",
                    "passenger":{
                        "type":"strider"
                    }
                }
            }
        },
        "strider_on_strider": {
            "trigger": "minecraft:player_killed_entity",
            "conditions": {
                "entity": {
                    "type": "strider",
                    "vehicle": {
                        "type": "strider"
                    }
                }
            }
        },
        "hoglin_under_piglin": {
            "trigger": "minecraft:player_killed_entity",
            "conditions": {
                "entity": {
                    "type": "hoglin",
                    "passenger":{
                        "type":"piglin"
                    }
                }
            }
        },
        "piglin_on_hoglin": {
            "trigger": "minecraft:player_killed_entity",
            "conditions": {
                "entity": {
                    "type": "piglin",
                    "vehicle": {
                        "type": "hoglin"
                    }
                }
            }
        },
        "piglin_under_piglin": {
            "trigger": "minecraft:player_killed_entity",
            "conditions": {
                "entity": {
                    "type": "piglin",
                    "passenger":{
                        "type":"piglin"
                    }
                }
            }
        },
        "piglin_on_piglin": {
            "trigger": "minecraft:player_killed_entity",
            "conditions": {
                "entity": {
                    "type": "piglin",
                    "vehicle": {
                        "type": "piglin"
                    }
                }
            }
        },
        "spider_under_skeleton": {
            "trigger": "minecraft:player_killed_entity",
            "conditions": {
                "entity": {
                    "type": "spider",
                    "passenger":{
                        "type":"skeleton"
                    }
                }
            }
        },
        "skeleton_on_spider": {
            "trigger": "minecraft:player_killed_entity",
            "conditions": {
                "entity": {
                    "type": "skeleton",
                    "vehicle": {
                        "type": "spider"
                    }
                }
            }
        },
        "spider_under_stray": {
            "trigger": "minecraft:player_killed_entity",
            "conditions": {
                "entity": {
                    "type": "spider",
                    "passenger":{
                        "type":"stray"
                    }
                }
            }
        },
        "stray_on_spider": {
            "trigger": "minecraft:player_killed_entity",
            "conditions": {
                "entity": {
                    "type": "stray",
                    "vehicle": {
                        "type": "spider"
                    }
                }
            }
        },
        "skeleton_horse_under_skeleton": {
            "trigger": "minecraft:player_killed_entity",
            "conditions": {
                "entity": {
                    "type": "skeleton_horse",
                    "passenger":{
                        "type":"skeleton"
                    }
                }
            }
        },
        "skeleton_on_skeleton_horse": {
            "trigger": "minecraft:player_killed_entity",
            "conditions": {
                "entity": {
                    "type": "skeleton",
                    "vehicle": {
                        "type": "skeleton_horse"
                    }
                }
            }
        },
        "skeleton_horse_under_stray": {
            "trigger": "minecraft:player_killed_entity",
            "conditions": {
                "entity": {
                    "type": "skeleton_horse",
                    "passenger":{
                        "type":"stray"
                    }
                }
            }
        },
        "stray_on_skeleton_horse": {
            "trigger": "minecraft:player_killed_entity",
            "conditions": {
                "entity": {
                    "type": "stray",
                    "vehicle": {
                        "type": "skeleton_horse"
                    }
                }
            }
        },
        "ravager_under_evoker": {
            "trigger": "minecraft:player_killed_entity",
            "conditions": {
                "entity": {
                    "type": "ravager",
                    "passenger":{
                        "type":"evoker"
                    }
                }
            }
        },
        "evoker_on_ravager": {
            "trigger": "minecraft:player_killed_entity",
            "conditions": {
                "entity": {
                    "type": "evoker",
                    "vehicle": {
                        "type": "ravager"
                    }
                }
            }
        },
        "ravager_under_pillager": {
            "trigger": "minecraft:player_killed_entity",
            "conditions": {
                "entity": {
                    "type": "ravager",
                    "passenger":{
                        "type":"pillager"
                    }
                }
            }
        },
        "pillager_on_ravager": {
            "trigger": "minecraft:player_killed_entity",
            "conditions": {
                "entity": {
                    "type": "pillager",
                    "vehicle": {
                        "type": "ravager"
                    }
                }
            }
        },
        "ravager_under_vindicator": {
            "trigger": "minecraft:player_killed_entity",
            "conditions": {
                "entity": {
                    "type": "ravager",
                    "passenger":{
                        "type":"vindicator"
                    }
                }
            }
        },
        "vindicator_on_ravager": {
            "trigger": "minecraft:player_killed_entity",
            "conditions": {
                "entity": {
                    "type": "vindicator",
                    "vehicle": {
                        "type": "ravager"
                    }
                }
            }
        }
    },
    "requirements":[
        [
            "chicken_under_zombie",
            "zombie_on_chicken"
        ],
        [
            "chicken_under_husk",
            "husk_on_chicken"
        ],
        [
            "chicken_under_drowned",
            "drowned_on_chicken"
        ],
        [
            "chicken_under_zillager",
            "zillager_on_chicken"
        ],
        [
            "chicken_under_villager",
            "villager_on_chicken"
        ],
        [
            "chicken_under_witch",
            "witch_on_chicken"
        ],
        [
            "chicken_under_ziglin",
            "ziglin_on_chicken"
        ],
        [
            "strider_under_ziglin",
            "ziglin_on_strider"
        ],
        [
            "strider_under_strider",
            "strider_on_strider"
        ],
        [
            "hoglin_under_piglin",
            "piglin_on_hoglin"
        ],
        [
            "piglin_under_piglin",
            "piglin_on_piglin"
        ],
        [
            "spider_under_skeleton",
            "skeleton_on_spider"
        ],
        [
            "spider_under_stray",
            "stray_on_spider"
        ],
        [
            "skeleton_horse_under_skeleton",
            "skeleton_on_skeleton_horse"
        ],
        [
            "skeleton_horse_under_stray",
            "stray_on_skeleton_horse"
        ],
        [
            "ravager_under_evoker",
            "evoker_on_ravager"
        ],
        [
            "ravager_under_pillager",
            "pillager_on_ravager"
        ],
        [
            "ravager_under_vindicator",
            "vindicator_on_ravager"
        ]
    ]
}