{
	"display": {
		"icon": {
			"id": "minecraft:barrier"
		},
		"title": "Just kidding",
		"frame": "challenge",
		"description": {"color":"dark_red","text":"Yeah you know what, actually destroy 2 Stacks of each Block from the Permanent Destruction Line :)"}
	},
	"parent": "blackbirds_torture_chamber:technical/invisible/invisible_for_just_kidding2",
	"rewards": {
		"function": "blackbirds_torture_chamber:rewards/stuff/just_kidding"
	},
	"criteria": {
        "budding_amethyst": {
            "trigger": "minecraft:location",
			"conditions": {
				"player":  {
					"type_specific": {
						"type": "player",
						"stats": [
							{
								"type": "minecraft:mined",
								"stat": "minecraft:budding_amethyst",
								"value": {
									"min": 128
								}
							}
						]
					}
				}
			}
        },
        "vault": {
            "trigger": "minecraft:location",
			"conditions": {
				"player":  {
					"type_specific": {
						"type": "player",
						"stats": [
							{
								"type": "minecraft:mined",
								"stat": "minecraft:vault",
								"value": {
									"min": 128
								}
							}
						]
					}
				}
			}
        },
        "trial_spawner": {
            "trigger": "minecraft:location",
			"conditions": {
				"player":  {
					"type_specific": {
						"type": "player",
						"stats": [
							{
								"type": "minecraft:mined",
								"stat": "minecraft:trial_spawner",
								"value": {
									"min": 128
								}
							}
						]
					}
				}
			}
        },
        "frogspawn": {
            "trigger": "minecraft:location",
			"conditions": {
				"player":  {
					"type_specific": {
						"type": "player",
						"stats": [
							{
								"type": "minecraft:mined",
								"stat": "minecraft:frogspawn",
								"value": {
									"min": 128
								}
							}
						]
					}
				}
			}
        },
        "reinforced_deepslate": {
            "trigger": "minecraft:location",
			"conditions": {
				"player":  {
					"type_specific": {
						"type": "player",
						"stats": [
							{
								"type": "minecraft:mined",
								"stat": "minecraft:reinforced_deepslate",
								"value": {
									"min": 128
								}
							}
						]
					}
				}
			}
        },
        "spawner": {
            "trigger": "minecraft:location",
			"conditions": {
				"player":  {
					"type_specific": {
						"type": "player",
						"stats": [
							{
								"type": "minecraft:mined",
								"stat": "minecraft:spawner",
								"value": {
									"min": 128
								}
							}
						]
					}
				}
			}
        }
	}
}