{
    "display": {
        "icon": {
            "id": "minecraft:repeater"
        },
        "title": {
            "text": "Locked Position"
        },
        "description": {
            "color": "dark_red",
            "text": "Stand on a Locked Redstone Repeater"
        },
        "frame": "challenge"
    },
    "parent": "blazeandcave:redstone/repeating_repeater",
    "rewards": {
        "function": "blackbirds_torture_chamber:rewards/stuff/locked_position"
    },
    "criteria": {
        "locked": {
            "trigger": "minecraft:impossible"
        }
    }
}
