{
  "display": {
    "icon": {
      "id": "minecraft:player_head",
      "components": {
        "minecraft:profile": {
          "id": [
            1060644085,
            -578400684,
            -2092371825,
            1664348547
          ],
          "properties": [
            {
              "name": "textures",
              "value": "eyJ0ZXh0dXJlcyI6eyJTS0lOIjp7InVybCI6Imh0dHA6Ly90ZXh0dXJlcy5taW5lY3JhZnQubmV0L3RleHR1cmUvZTJhNWU2NDJiZjAwMjZhODJhN2E0MGIxNWRmMzA3Nzg1NzAwYWU0OTc0YmIzN2MxZWQ1MDVlMTJmM2EzNmJkNiJ9fX0="
            }
          ]
        }
      }
    },
    "title": "Master Assassin",
    "description": {
      "color": "black",
      "text": "Kill a Zombie with Full Diamond Armor and an Iron Sword... that can't pick up Loot"
    },
    "frame": "challenge"
  },
  "parent": "blackbirds_torture_chamber:technical/invisible/invisible_for_master_assassin2",
  "criteria": {
    "zombie": {
      "trigger": "minecraft:player_killed_entity",
      "conditions": {
        "entity": {
          "type": "minecraft:zombie",
          "equipment":{
            "mainhand":{
              "items":[
                "minecraft:iron_sword"
              ]
            },
            "head":{
              "items":[
                "minecraft:diamond_helmet"
              ]
            },
            "chest":{
              "items":[
                "minecraft:diamond_chestplate"
              ]
            },
            "legs":{
              "items":[
                "minecraft:diamond_leggings"
              ]
            },
            "feet":{
              "items":[
                "minecraft:diamond_boots"
              ]
            }
          },
          "nbt":"{CanPickUpLoot: 0b}"
        }
      }
    }
  },
  "rewards": {
    "function": "blackbirds_torture_chamber:rewards/stuff/master_assassin"
  }
}