{
    "parent": "blackbirds_torture_chamber:technical/invisible/invisible_for_nether_limit2",
    "criteria": {
        "north_east": {
            "trigger": "location",
            "conditions": {
                "player": [
                    {
                        "condition": "minecraft:entity_properties",
                        "entity": "this",
                        "predicate": {
                            "location": {
                                "position": {
                                    "z": {
                                        "max": -29999980
                                    },
                                    "x": {
                                        "min": 29999980
                                    }
                                },
                                "dimension": "the_nether"
                            }
                        }
                    }
                ]
            }
        },
        "south_east": {
            "trigger": "location",
            "conditions": {
                "player": [
                    {
                        "condition": "minecraft:entity_properties",
                        "entity": "this",
                        "predicate": {
                            "location": {
                                "position": {
                                    "x": {
                                        "min": 29999980
                                    },
                                    "z": {
                                        "min": 29999980
                                    }
                                },
                                "dimension": "the_nether"
                            }
                        }
                    }
                ]
            }
        },
        "south_west": {
            "trigger": "location",
            "conditions": {
                "player": [
                    {
                        "condition": "minecraft:entity_properties",
                        "entity": "this",
                        "predicate": {
                            "location": {
                                "position": {
                                    "z": {
                                        "min": 29999980
                                    },
                                    "x": {
                                        "max": -29999980
                                    }
                                },
                                "dimension": "the_nether"
                            }
                        }
                    }
                ]
            }
        },
        "north_west": {
            "trigger": "location",
            "conditions": {
                "player": [
                    {
                        "condition": "minecraft:entity_properties",
                        "entity": "this",
                        "predicate": {
                            "location": {
                                "position": {
                                    "x": {
                                        "max": -29999980
                                    },
                                    "z": {
                                        "max": -29999980
                                    }
                                },
                                "dimension": "the_nether"
                            }
                        }
                    }
                ]
            }
        }
    },
    "display": {
        "title": "Nether Limit",
        "description": {"color":"black","text":"Visit all Nether World-Border-Corners"},
        "icon": {
            "id": "netherrack"
        },
        "frame": "challenge"
    },
	"rewards": {
		"function": "blackbirds_torture_chamber:rewards/stuff/nether_limit"
	}
}