{
    "display": {
        "icon": {
            "id": "minecraft:splash_potion",
            "components": {
                "minecraft:potion_contents": {
                    "custom_color": 16777215
                }
            }
        },
        "title": "Nice View",
        "description": {"color":"dark_red","text":"Visit y=100,000 in every Dimension"},
        "frame": "challenge"
    },
    "parent": "blackbirds_torture_chamber:stuff/celestial_protocol",
    "criteria": {
        "world_height_overworld": {
            "trigger": "minecraft:location",
            "conditions": {
                "player": [
                    {
                        "condition": "minecraft:entity_properties",
                        "entity": "this",
                        "predicate": {
                            "location": {
                                "position": {
                                    "y": {
                                        "min": 100000.0
                                    }
                                },
                                "dimension": "overworld"
                            }
                        }
                    }
                ]
            }
        },
        "world_height_nether": {
            "trigger": "minecraft:location",
            "conditions": {
                "player": [
                    {
                        "condition": "minecraft:entity_properties",
                        "entity": "this",
                        "predicate": {
                            "location": {
                                "position": {
                                    "y": {
                                        "min": 100000.0
                                    }
                                },
                                "dimension": "the_nether"
                            }
                        }
                    }
                ]
            }
        },
        "world_height_end": {
            "trigger": "minecraft:location",
            "conditions": {
                "player": [
                    {
                        "condition": "minecraft:entity_properties",
                        "entity": "this",
                        "predicate": {
                            "location": {
                                "position": {
                                    "y": {
                                        "min": 100000.0
                                    }
                                },
                                "dimension": "the_end"
                            }
                        }
                    }
                ]
            }
        }
    },
	"rewards": {
		"function": "blackbirds_torture_chamber:rewards/stuff/nice_view"
	}
}