{
	"display": {
		"icon": {
			"id": "minecraft:elytra"
		},
		"title": {"translate":"Pegasus"},
		"description": {"color":"dark_red","text":"Ride a Flying Horse"},
		"frame": "challenge"
	},
	"parent": "blazeandcave:animal/master_farrier",
	"rewards": {
		"function": "blackbirds_torture_chamber:rewards/stuff/pegasus"
	},
	"criteria": {
		"pegasus": {
		  	"trigger": "minecraft:started_riding",
		  	"conditions": {
				"player": [
			  		{
						"condition": "minecraft:entity_properties",
						"entity": "this",
						"predicate": {
				  			"vehicle": {
								"type": "minecraft:horse",
								"effects":{
									"minecraft:levitation": {}
								}
				  			}
						}
			  		}
				]
		  	}
		}
	}
}