{
	"display": {
		"icon": {
			"id": "minecraft:budding_amethyst"
		},
		"title": "Permanent Destruction",
		"frame": "challenge",
		"description": {"color":"dark_red","text":"Prepare for Trouble, and make it Double, destroy these Budding Amethysts... You might never see one again..."}
	},
	"parent": "blazeandcave:building/root",
	"rewards": {
		"function": "blackbirds_torture_chamber:rewards/stuff/permanent_destruction"
	},
	"criteria": {
        "budding_amethyst": {
            "trigger": "minecraft:location",
			"conditions": {
				"player":  {
					"type_specific": {
						"type": "player",
						"stats": [
							{
								"type": "minecraft:mined",
								"stat": "minecraft:budding_amethyst",
								"value": {
									"min": 2
								}
							}
						]
					}
				}
			}
        }
	}
}