{
	"display": {
		"icon": {
			"id": "minecraft:clock"
		},
		"title": "Pig Ben",
		"frame": "challenge",
		"description": {"color":"dark_red","text":"Give a Clock to a Piglin"}
	},
	"parent": "minecraft:nether/distract_piglin",
	"rewards": {
		"function": "blackbirds_torture_chamber:rewards/stuff/pig_ben"
	},
	"criteria": {
		"clock": {
			"trigger": "minecraft:thrown_item_picked_up_by_entity",
			"conditions": {
				"item": {
					"items": "minecraft:clock"
				},
				"entity": [
					{
						"condition": "minecraft:entity_properties",
						"predicate": {
							"type": "minecraft:piglin",
							"flags": {
								"is_baby": false
							}
						},
						"entity": "this"
					}
				]
			}
		}
	}
}