{
    "display": {
        "title": "Salad Slurper",
        "description": {
            "color": "dark_red",
            "text": "Eat a Suspicious Stew named Saladbowls"
        },
        "frame": "challenge",
        "icon": {
            "id": "minecraft:suspicious_stew"
        }
    },
    "parent": "blazeandcave:farming/suspicious_looking_stew",
    "criteria": {
        "sus": {
            "trigger": "consume_item",
            "conditions": {
                "item": {
                    "items": [
                        "minecraft:suspicious_stew"
                    ],
                    "components": {
                        "minecraft:custom_name": "Saladbowls"
                    }
                }
            }
        }
    },
    "rewards": {
        "function": "blackbirds_torture_chamber:rewards/stuff/salad_slurper"
    }
}