{
    "display": {
        "icon": {
            "id": "minecraft:iron_block",
            "components": {
                "minecraft:enchantment_glint_override": true
            }
        },
        "title": "Get an Iron Farm... or 50",
        "description": {"color":"dark_red","text":"Fill Shulker Boxes for every Type of Anvil"},
        "frame": "challenge"
    },
    "criteria": {
        "anvil": {
            "trigger": "minecraft:inventory_changed",
            "conditions": {
                "items": [
                    {
                        "items": "#minecraft:shulker_boxes",
                        "components": {
                            "minecraft:container": [
                                {"slot":0,"item":{"id":"minecraft:anvil","count":64}},
                                {"slot":1,"item":{"id":"minecraft:anvil","count":64}},
                                {"slot":2,"item":{"id":"minecraft:anvil","count":64}},
                                {"slot":3,"item":{"id":"minecraft:anvil","count":64}},
                                {"slot":4,"item":{"id":"minecraft:anvil","count":64}},
                                {"slot":5,"item":{"id":"minecraft:anvil","count":64}},
                                {"slot":6,"item":{"id":"minecraft:anvil","count":64}},
                                {"slot":7,"item":{"id":"minecraft:anvil","count":64}},
                                {"slot":8,"item":{"id":"minecraft:anvil","count":64}},
                                {"slot":9,"item":{"id":"minecraft:anvil","count":64}},
                                {"slot":10,"item":{"id":"minecraft:anvil","count":64}},
                                {"slot":11,"item":{"id":"minecraft:anvil","count":64}},
                                {"slot":12,"item":{"id":"minecraft:anvil","count":64}},
                                {"slot":13,"item":{"id":"minecraft:anvil","count":64}},
                                {"slot":14,"item":{"id":"minecraft:anvil","count":64}},
                                {"slot":15,"item":{"id":"minecraft:anvil","count":64}},
                                {"slot":16,"item":{"id":"minecraft:anvil","count":64}},
                                {"slot":17,"item":{"id":"minecraft:anvil","count":64}},
                                {"slot":18,"item":{"id":"minecraft:anvil","count":64}},
                                {"slot":19,"item":{"id":"minecraft:anvil","count":64}},
                                {"slot":20,"item":{"id":"minecraft:anvil","count":64}},
                                {"slot":21,"item":{"id":"minecraft:anvil","count":64}},
                                {"slot":22,"item":{"id":"minecraft:anvil","count":64}},
                                {"slot":23,"item":{"id":"minecraft:anvil","count":64}},
                                {"slot":24,"item":{"id":"minecraft:anvil","count":64}},
                                {"slot":25,"item":{"id":"minecraft:anvil","count":64}},
                                {"slot":26,"item":{"id":"minecraft:anvil","count":64}}
                            ]
                        }
                    }
                ]
            }
        },
        "chipped_anvil": {
            "trigger": "inventory_changed",
            "conditions": {
                "items": [
                    {
                        "items": "#minecraft:shulker_boxes",
                        "components": {
                            "minecraft:container": [
                                {"slot":0,"item":{"id":"minecraft:chipped_anvil","count":64}},
                                {"slot":1,"item":{"id":"minecraft:chipped_anvil","count":64}},
                                {"slot":2,"item":{"id":"minecraft:chipped_anvil","count":64}},
                                {"slot":3,"item":{"id":"minecraft:chipped_anvil","count":64}},
                                {"slot":4,"item":{"id":"minecraft:chipped_anvil","count":64}},
                                {"slot":5,"item":{"id":"minecraft:chipped_anvil","count":64}},
                                {"slot":6,"item":{"id":"minecraft:chipped_anvil","count":64}},
                                {"slot":7,"item":{"id":"minecraft:chipped_anvil","count":64}},
                                {"slot":8,"item":{"id":"minecraft:chipped_anvil","count":64}},
                                {"slot":9,"item":{"id":"minecraft:chipped_anvil","count":64}},
                                {"slot":10,"item":{"id":"minecraft:chipped_anvil","count":64}},
                                {"slot":11,"item":{"id":"minecraft:chipped_anvil","count":64}},
                                {"slot":12,"item":{"id":"minecraft:chipped_anvil","count":64}},
                                {"slot":13,"item":{"id":"minecraft:chipped_anvil","count":64}},
                                {"slot":14,"item":{"id":"minecraft:chipped_anvil","count":64}},
                                {"slot":15,"item":{"id":"minecraft:chipped_anvil","count":64}},
                                {"slot":16,"item":{"id":"minecraft:chipped_anvil","count":64}},
                                {"slot":17,"item":{"id":"minecraft:chipped_anvil","count":64}},
                                {"slot":18,"item":{"id":"minecraft:chipped_anvil","count":64}},
                                {"slot":19,"item":{"id":"minecraft:chipped_anvil","count":64}},
                                {"slot":20,"item":{"id":"minecraft:chipped_anvil","count":64}},
                                {"slot":21,"item":{"id":"minecraft:chipped_anvil","count":64}},
                                {"slot":22,"item":{"id":"minecraft:chipped_anvil","count":64}},
                                {"slot":23,"item":{"id":"minecraft:chipped_anvil","count":64}},
                                {"slot":24,"item":{"id":"minecraft:chipped_anvil","count":64}},
                                {"slot":25,"item":{"id":"minecraft:chipped_anvil","count":64}},
                                {"slot":26,"item":{"id":"minecraft:chipped_anvil","count":64}}
                            ]
                        }
                    }
                ]
            }
        },
        "damaged_anvil": {
            "trigger": "inventory_changed",
            "conditions": {
                "items": [
                    {
                        "items": "#minecraft:shulker_boxes",
                        "components": {
                            "minecraft:container": [
                                {"slot":0,"item":{"id":"minecraft:damaged_anvil","count":64}},
                                {"slot":1,"item":{"id":"minecraft:damaged_anvil","count":64}},
                                {"slot":2,"item":{"id":"minecraft:damaged_anvil","count":64}},
                                {"slot":3,"item":{"id":"minecraft:damaged_anvil","count":64}},
                                {"slot":4,"item":{"id":"minecraft:damaged_anvil","count":64}},
                                {"slot":5,"item":{"id":"minecraft:damaged_anvil","count":64}},
                                {"slot":6,"item":{"id":"minecraft:damaged_anvil","count":64}},
                                {"slot":7,"item":{"id":"minecraft:damaged_anvil","count":64}},
                                {"slot":8,"item":{"id":"minecraft:damaged_anvil","count":64}},
                                {"slot":9,"item":{"id":"minecraft:damaged_anvil","count":64}},
                                {"slot":10,"item":{"id":"minecraft:damaged_anvil","count":64}},
                                {"slot":11,"item":{"id":"minecraft:damaged_anvil","count":64}},
                                {"slot":12,"item":{"id":"minecraft:damaged_anvil","count":64}},
                                {"slot":13,"item":{"id":"minecraft:damaged_anvil","count":64}},
                                {"slot":14,"item":{"id":"minecraft:damaged_anvil","count":64}},
                                {"slot":15,"item":{"id":"minecraft:damaged_anvil","count":64}},
                                {"slot":16,"item":{"id":"minecraft:damaged_anvil","count":64}},
                                {"slot":17,"item":{"id":"minecraft:damaged_anvil","count":64}},
                                {"slot":18,"item":{"id":"minecraft:damaged_anvil","count":64}},
                                {"slot":19,"item":{"id":"minecraft:damaged_anvil","count":64}},
                                {"slot":20,"item":{"id":"minecraft:damaged_anvil","count":64}},
                                {"slot":21,"item":{"id":"minecraft:damaged_anvil","count":64}},
                                {"slot":22,"item":{"id":"minecraft:damaged_anvil","count":64}},
                                {"slot":23,"item":{"id":"minecraft:damaged_anvil","count":64}},
                                {"slot":24,"item":{"id":"minecraft:damaged_anvil","count":64}},
                                {"slot":25,"item":{"id":"minecraft:damaged_anvil","count":64}},
                                {"slot":26,"item":{"id":"minecraft:damaged_anvil","count":64}}
                            ]
                        }
                    }
                ]
            }
        }
    },
    "parent": "blazeandcave:enchanting/baron_of_blacksmiths",
    "rewards": {
        "function": "blackbirds_torture_chamber:rewards/stuff/shulker_full_of_anvil"
    }
}
