{
    "display": {
        "title": "Silverfish Hater",
        "description": {"color":"dark_red","text":"Kill 10,000 Silverfish"},
        "icon": {
            "id": "minecraft:infested_cobblestone"
        },
        "frame": "challenge"
    },
    "criteria": {
        "silverfish_hater": {
            "trigger": "minecraft:location",
			"conditions": {
				"player":  {
					"type_specific": {
						"type": "player",
						"stats": [
							{
								"type": "minecraft:killed",
								"stat": "minecraft:silverfish",
								"value": {
									"min": 10000
								}
							}
						]
					}
				}
			}
        }
    },
    "parent": "blazeandcave:monsters/termite_control",
	"rewards": {
		"function": "blackbirds_torture_chamber:rewards/stuff/silverfish_hater"
	}
}