{
    "display": {
        "title": "Statistics Mad Lad",
        "description": {
            "color": "black",
            "text": "If you get this Advancement before the year 2050 you definitely cheated"
        },
        "icon": {
            "id": "written_book"
        },
        "frame": "challenge"
    },
    "parent": "blackbirds_torture_chamber:technical/invisible/invisible_for_statistics_mad_lad2",
    "criteria": {
        "100_years": {
            "trigger": "minecraft:location",
            "conditions": {
                "player": {
                    "type_specific": {
                        "type": "player",
                        "advancements": {
                            "blackbirds_torture_chamber:stats/100_years": true
                        }
                    }
                }
            }
        },
        "5000_levels": {
            "trigger": "minecraft:location",
            "conditions": {
                "player": {
                    "type_specific": {
                        "type": "player",
                        "advancements": {
                            "blackbirds_torture_chamber:stats/5000_levels": true
                        }
                    }
                }
            }
        },
        "5000_totems": {
            "trigger": "minecraft:location",
            "conditions": {
                "player": {
                    "type_specific": {
                        "type": "player",
                        "advancements": {
                            "blackbirds_torture_chamber:stats/totem_5000": true
                        }
                    }
                }
            }
        },
        "breed_25000": {
            "trigger": "minecraft:location",
            "conditions": {
                "player": {
                    "type_specific": {
                        "type": "player",
                        "advancements": {
                            "blackbirds_torture_chamber:stats/breed_25000": true
                        }
                    }
                }
            }
        },
        "enchant_10000": {
            "trigger": "minecraft:location",
            "conditions": {
                "player": {
                    "type_specific": {
                        "type": "player",
                        "advancements": {
                            "blackbirds_torture_chamber:stats/enchant_10000": true
                        }
                    }
                }
            }
        },
        "fish_50k": {
            "trigger": "minecraft:location",
            "conditions": {
                "player": {
                    "type_specific": {
                        "type": "player",
                        "advancements": {
                            "blackbirds_torture_chamber:stats/fish_50k": true
                        }
                    }
                }
            }
        },
        "fly_50k": {
            "trigger": "minecraft:location",
            "conditions": {
                "player": {
                    "type_specific": {
                        "type": "player",
                        "advancements": {
                            "blackbirds_torture_chamber:stats/fly_50k": true
                        }
                    }
                }
            }
        },
        "horse_500": {
            "trigger": "minecraft:location",
            "conditions": {
                "player": {
                    "type_specific": {
                        "type": "player",
                        "advancements": {
                            "blackbirds_torture_chamber:stats/horse_500": true
                        }
                    }
                }
            }
        },
        "jump_1_mil": {
            "trigger": "minecraft:location",
            "conditions": {
                "player": {
                    "type_specific": {
                        "type": "player",
                        "advancements": {
                            "blackbirds_torture_chamber:stats/jump_1_mil": true
                        }
                    }
                }
            }
        },
        "kill_250k_mobs": {
            "trigger": "minecraft:location",
            "conditions": {
                "player": {
                    "type_specific": {
                        "type": "player",
                        "advancements": {
                            "blackbirds_torture_chamber:stats/kill_250k_mobs": true
                        }
                    }
                }
            }
        },
        "leave_10000": {
            "trigger": "minecraft:location",
            "conditions": {
                "player": {
                    "type_specific": {
                        "type": "player",
                        "advancements": {
                            "blackbirds_torture_chamber:stats/leave_10000": true
                        }
                    }
                }
            }
        },
        "minecart_50000": {
            "trigger": "minecraft:location",
            "conditions": {
                "player": {
                    "type_specific": {
                        "type": "player",
                        "advancements": {
                            "blackbirds_torture_chamber:stats/minecart_50000": true
                        }
                    }
                }
            }
        },
        "pig_250": {
            "trigger": "minecraft:location",
            "conditions": {
                "player": {
                    "type_specific": {
                        "type": "player",
                        "advancements": {
                            "blackbirds_torture_chamber:stats/pig_250": true
                        }
                    }
                }
            }
        },
        "sail_500": {
            "trigger": "minecraft:location",
            "conditions": {
                "player": {
                    "type_specific": {
                        "type": "player",
                        "advancements": {
                            "blackbirds_torture_chamber:stats/sail_500": true
                        }
                    }
                }
            }
        },
        "sneak_250": {
            "trigger": "minecraft:location",
            "conditions": {
                "player": {
                    "type_specific": {
                        "type": "player",
                        "advancements": {
                            "blackbirds_torture_chamber:stats/sneak_250": true
                        }
                    }
                }
            }
        },
        "sprint_10k": {
            "trigger": "minecraft:location",
            "conditions": {
                "player": {
                    "type_specific": {
                        "type": "player",
                        "advancements": {
                            "blackbirds_torture_chamber:stats/sprint_10k": true
                        }
                    }
                }
            }
        },
        "stride_250": {
            "trigger": "minecraft:location",
            "conditions": {
                "player": {
                    "type_specific": {
                        "type": "player",
                        "advancements": {
                            "blackbirds_torture_chamber:stats/stride_250": true
                        }
                    }
                }
            }
        },
        "swim_1000": {
            "trigger": "minecraft:location",
            "conditions": {
                "player": {
                    "type_specific": {
                        "type": "player",
                        "advancements": {
                            "blackbirds_torture_chamber:stats/swim_1000": true
                        }
                    }
                }
            }
        },
        "trade_250k": {
            "trigger": "minecraft:location",
            "conditions": {
                "player": {
                    "type_specific": {
                        "type": "player",
                        "advancements": {
                            "blackbirds_torture_chamber:stats/trade_250k": true
                        }
                    }
                }
            }
        },
        "walk_10k": {
            "trigger": "minecraft:location",
            "conditions": {
                "player": {
                    "type_specific": {
                        "type": "player",
                        "advancements": {
                            "blackbirds_torture_chamber:stats/walk_10k": true
                        }
                    }
                }
            }
        },
        "wash_10000": {
            "trigger": "minecraft:location",
            "conditions": {
                "player": {
                    "type_specific": {
                        "type": "player",
                        "advancements": {
                            "blackbirds_torture_chamber:stats/wash_10000": true
                        }
                    }
                }
            }
        },
        "ring_10000000": {
            "trigger": "minecraft:location",
            "conditions": {
                "player": {
                    "type_specific": {
                        "type": "player",
                        "advancements": {
                            "blackbirds_torture_chamber:stats/ring_10000000": true
                        }
                    }
                }
            }
        },
        "eat_50k": {
            "trigger": "minecraft:location",
            "conditions": {
                "player": {
                    "type_specific": {
                        "type": "player",
                        "advancements": {
                            "blackbirds_torture_chamber:stats/eat_50k": true
                        }
                    }
                }
            }
        },
        "loot_10000": {
            "trigger": "minecraft:location",
            "conditions": {
                "player": {
                    "type_specific": {
                        "type": "player",
                        "advancements": {
                            "blackbirds_torture_chamber:stats/loot_10000": true
                        }
                    }
                }
            }
        },
        "happy_ghast_250": {
            "trigger": "minecraft:location",
            "conditions": {
                "player": {
                    "type_specific": {
                        "type": "player",
                        "advancements": {
                            "blackbirds_torture_chamber:stats/happy_ghast_250": true
                        }
                    }
                }
            }
        }
    },
	"rewards": {
		"function": "blackbirds_torture_chamber:rewards/stuff/statistics_mad_lad"
	}
}