{
    "display": {
        "title": "Statistics Legend",
        "description": {
            "color": "#8b00e8",
            "text": "Complete all Purple (Super Torturous) Statistics"
        },
        "icon": {
            "id": "minecraft:writable_book",
            "components": {
                "minecraft:enchantment_glint_override": true
            }
        },
        "frame": "goal"
    },
    "parent": "blazeandcave:bacap/advancement_legend",
	"rewards": {
		"function": "blackbirds_torture_chamber:rewards/stuff/statistics_legend"
	},
    "criteria": {
        "50_years": {
            "trigger": "minecraft:location",
            "conditions": {
                "player": {
                    "type_specific": {
                        "type": "player",
                        "advancements": {
                            "blackbirds_torture_chamber:stats/50_years": true
                        }
                    }
                }
            }
        },
        "2500_levels": {
            "trigger": "minecraft:location",
            "conditions": {
                "player": {
                    "type_specific": {
                        "type": "player",
                        "advancements": {
                            "blackbirds_torture_chamber:stats/2500_levels": true
                        }
                    }
                }
            }
        },
        "1000_totems": {
            "trigger": "minecraft:location",
            "conditions": {
                "player": {
                    "type_specific": {
                        "type": "player",
                        "advancements": {
                            "blackbirds_torture_chamber:stats/totem_1000": true
                        }
                    }
                }
            }
        },
        "breed_10000": {
            "trigger": "minecraft:location",
            "conditions": {
                "player": {
                    "type_specific": {
                        "type": "player",
                        "advancements": {
                            "blackbirds_torture_chamber:stats/breed_10000": true
                        }
                    }
                }
            }
        },
        "enchant_5000": {
            "trigger": "minecraft:location",
            "conditions": {
                "player": {
                    "type_specific": {
                        "type": "player",
                        "advancements": {
                            "blackbirds_torture_chamber:stats/enchant_5000": true
                        }
                    }
                }
            }
        },
        "fish_10k": {
            "trigger": "minecraft:location",
            "conditions": {
                "player": {
                    "type_specific": {
                        "type": "player",
                        "advancements": {
                            "blackbirds_torture_chamber:stats/fish_10k": true
                        }
                    }
                }
            }
        },
        "fly_10k": {
            "trigger": "minecraft:location",
            "conditions": {
                "player": {
                    "type_specific": {
                        "type": "player",
                        "advancements": {
                            "blackbirds_torture_chamber:stats/fly_10000": true
                        }
                    }
                }
            }
        },
        "horse_250": {
            "trigger": "minecraft:location",
            "conditions": {
                "player": {
                    "type_specific": {
                        "type": "player",
                        "advancements": {
                            "blackbirds_torture_chamber:stats/horse_250": true
                        }
                    }
                }
            }
        },
        "jump_500k": {
            "trigger": "minecraft:location",
            "conditions": {
                "player": {
                    "type_specific": {
                        "type": "player",
                        "advancements": {
                            "blackbirds_torture_chamber:stats/jump_500k": true
                        }
                    }
                }
            }
        },
        "kill_100k_mobs": {
            "trigger": "minecraft:location",
            "conditions": {
                "player": {
                    "type_specific": {
                        "type": "player",
                        "advancements": {
                            "blackbirds_torture_chamber:stats/kill_100k_mobs": true
                        }
                    }
                }
            }
        },
        "leave_5000": {
            "trigger": "minecraft:location",
            "conditions": {
                "player": {
                    "type_specific": {
                        "type": "player",
                        "advancements": {
                            "blackbirds_torture_chamber:stats/leave_10000": true
                        }
                    }
                }
            }
        },
        "minecart_5000": {
            "trigger": "minecraft:location",
            "conditions": {
                "player": {
                    "type_specific": {
                        "type": "player",
                        "advancements": {
                            "blackbirds_torture_chamber:stats/minecart_5000": true
                        }
                    }
                }
            }
        },
        "pig_100": {
            "trigger": "minecraft:location",
            "conditions": {
                "player": {
                    "type_specific": {
                        "type": "player",
                        "advancements": {
                            "blackbirds_torture_chamber:stats/pig_100": true
                        }
                    }
                }
            }
        },
        "sail_250": {
            "trigger": "minecraft:location",
            "conditions": {
                "player": {
                    "type_specific": {
                        "type": "player",
                        "advancements": {
                            "blackbirds_torture_chamber:stats/sail_250": true
                        }
                    }
                }
            }
        },
        "sneak_100": {
            "trigger": "minecraft:location",
            "conditions": {
                "player": {
                    "type_specific": {
                        "type": "player",
                        "advancements": {
                            "blackbirds_torture_chamber:stats/sneak_100": true
                        }
                    }
                }
            }
        },
        "sprint_5000": {
            "trigger": "minecraft:location",
            "conditions": {
                "player": {
                    "type_specific": {
                        "type": "player",
                        "advancements": {
                            "blackbirds_torture_chamber:stats/sprint_5000": true
                        }
                    }
                }
            }
        },
        "stride_100": {
            "trigger": "minecraft:location",
            "conditions": {
                "player": {
                    "type_specific": {
                        "type": "player",
                        "advancements": {
                            "blackbirds_torture_chamber:stats/stride_100": true
                        }
                    }
                }
            }
        },
        "swim_500": {
            "trigger": "minecraft:location",
            "conditions": {
                "player": {
                    "type_specific": {
                        "type": "player",
                        "advancements": {
                            "blackbirds_torture_chamber:stats/swim_500": true
                        }
                    }
                }
            }
        },
        "trade_50k": {
            "trigger": "minecraft:location",
            "conditions": {
                "player": {
                    "type_specific": {
                        "type": "player",
                        "advancements": {
                            "blackbirds_torture_chamber:stats/trade_50k": true
                        }
                    }
                }
            }
        },
        "walk_5000": {
            "trigger": "minecraft:location",
            "conditions": {
                "player": {
                    "type_specific": {
                        "type": "player",
                        "advancements": {
                            "blackbirds_torture_chamber:stats/walk_5000": true
                        }
                    }
                }
            }
        },
        "wash_5000": {
            "trigger": "minecraft:location",
            "conditions": {
                "player": {
                    "type_specific": {
                        "type": "player",
                        "advancements": {
                            "blackbirds_torture_chamber:stats/wash_5000": true
                        }
                    }
                }
            }
        },
        "ring_1000000": {
            "trigger": "minecraft:location",
            "conditions": {
                "player": {
                    "type_specific": {
                        "type": "player",
                        "advancements": {
                            "blackbirds_torture_chamber:stats/ring_1000000": true
                        }
                    }
                }
            }
        },
        "eat_25k": {
            "trigger": "minecraft:location",
            "conditions": {
                "player": {
                    "type_specific": {
                        "type": "player",
                        "advancements": {
                            "blackbirds_torture_chamber:stats/eat_25k": true
                        }
                    }
                }
            }
        },
        "loot_5000": {
            "trigger": "minecraft:location",
            "conditions": {
                "player": {
                    "type_specific": {
                        "type": "player",
                        "advancements": {
                            "blackbirds_torture_chamber:stats/loot_5000": true
                        }
                    }
                }
            }
        },
        "happy_ghast_100": {
            "trigger": "minecraft:location",
            "conditions": {
                "player": {
                    "type_specific": {
                        "type": "player",
                        "advancements": {
                            "blackbirds_torture_chamber:stats/happy_ghast_100": true
                        }
                    }
                }
            }
        }
    }
}