{
    "parent": "blackbirds_torture_chamber:technical/invisible/invisible_for_storage_upgrade_required2",
    "criteria": {
        "north_east_the_end": {
            "trigger": "location",
            "conditions": {
                "player": [
                    {
                        "condition": "minecraft:entity_properties",
                        "entity": "this",
                        "predicate": {
                            "location": {
                                "position": {
                                    "z": {
                                        "max": -29999980
                                    },
                                    "x": {
                                        "min": 29999980
                                    }
                                },
                                "dimension": "the_end"
                            }
                        }
                    }
                ]
            }
        },
        "south_east_the_end": {
            "trigger": "location",
            "conditions": {
                "player": [
                    {
                        "condition": "minecraft:entity_properties",
                        "entity": "this",
                        "predicate": {
                            "location": {
                                "position": {
                                    "x": {
                                        "min": 29999980
                                    },
                                    "z": {
                                        "min": 29999980
                                    }
                                },
                                "dimension": "the_end"
                            }
                        }
                    }
                ]
            }
        },
        "south_west_the_end": {
            "trigger": "location",
            "conditions": {
                "player": [
                    {
                        "condition": "minecraft:entity_properties",
                        "entity": "this",
                        "predicate": {
                            "location": {
                                "position": {
                                    "z": {
                                        "min": 29999980
                                    },
                                    "x": {
                                        "max": -29999980
                                    }
                                },
                                "dimension": "the_end"
                            }
                        }
                    }
                ]
            }
        },
        "north_west_the_end": {
            "trigger": "location",
            "conditions": {
                "player": [
                    {
                        "condition": "minecraft:entity_properties",
                        "entity": "this",
                        "predicate": {
                            "location": {
                                "position": {
                                    "x": {
                                        "max": -29999980
                                    },
                                    "z": {
                                        "max": -29999980
                                    }
                                },
                                "dimension": "the_end"
                            }
                        }
                    }
                ]
            }
        },
        "north_east_the_nether": {
            "trigger": "location",
            "conditions": {
                "player": [
                    {
                        "condition": "minecraft:entity_properties",
                        "entity": "this",
                        "predicate": {
                            "location": {
                                "position": {
                                    "z": {
                                        "max": -29999980
                                    },
                                    "x": {
                                        "min": 29999980
                                    }
                                },
                                "dimension": "the_nether"
                            }
                        }
                    }
                ]
            }
        },
        "south_east_the_nether": {
            "trigger": "location",
            "conditions": {
                "player": [
                    {
                        "condition": "minecraft:entity_properties",
                        "entity": "this",
                        "predicate": {
                            "location": {
                                "position": {
                                    "x": {
                                        "min": 29999980
                                    },
                                    "z": {
                                        "min": 29999980
                                    }
                                },
                                "dimension": "the_nether"
                            }
                        }
                    }
                ]
            }
        },
        "south_west_the_nether": {
            "trigger": "location",
            "conditions": {
                "player": [
                    {
                        "condition": "minecraft:entity_properties",
                        "entity": "this",
                        "predicate": {
                            "location": {
                                "position": {
                                    "z": {
                                        "min": 29999980
                                    },
                                    "x": {
                                        "max": -29999980
                                    }
                                },
                                "dimension": "the_nether"
                            }
                        }
                    }
                ]
            }
        },
        "north_west_the_nether": {
            "trigger": "location",
            "conditions": {
                "player": [
                    {
                        "condition": "minecraft:entity_properties",
                        "entity": "this",
                        "predicate": {
                            "location": {
                                "position": {
                                    "x": {
                                        "max": -29999980
                                    },
                                    "z": {
                                        "max": -29999980
                                    }
                                },
                                "dimension": "the_nether"
                            }
                        }
                    }
                ]
            }
        },
        "north_east_overworld": {
            "trigger": "location",
            "conditions": {
                "player": [
                    {
                        "condition": "minecraft:entity_properties",
                        "entity": "this",
                        "predicate": {
                            "location": {
                                "position": {
                                    "z": {
                                        "max": -29999980
                                    },
                                    "x": {
                                        "min": 29999980
                                    }
                                },
                                "dimension": "overworld"
                            }
                        }
                    }
                ]
            }
        },
        "south_east_overworld": {
            "trigger": "location",
            "conditions": {
                "player": [
                    {
                        "condition": "minecraft:entity_properties",
                        "entity": "this",
                        "predicate": {
                            "location": {
                                "position": {
                                    "x": {
                                        "min": 29999980
                                    },
                                    "z": {
                                        "min": 29999980
                                    }
                                },
                                "dimension": "overworld"
                            }
                        }
                    }
                ]
            }
        },
        "south_west_overworld": {
            "trigger": "location",
            "conditions": {
                "player": [
                    {
                        "condition": "minecraft:entity_properties",
                        "entity": "this",
                        "predicate": {
                            "location": {
                                "position": {
                                    "z": {
                                        "min": 29999980
                                    },
                                    "x": {
                                        "max": -29999980
                                    }
                                },
                                "dimension": "overworld"
                            }
                        }
                    }
                ]
            }
        },
        "north_west_overworld": {
            "trigger": "location",
            "conditions": {
                "player": [
                    {
                        "condition": "minecraft:entity_properties",
                        "entity": "this",
                        "predicate": {
                            "location": {
                                "position": {
                                    "x": {
                                        "max": -29999980
                                    },
                                    "z": {
                                        "max": -29999980
                                    }
                                },
                                "dimension": "overworld"
                            }
                        }
                    }
                ]
            }
        }
    },
    "display": {
        "title": "Storage Upgrade Required",
        "description": {"color":"black","text":"Visit a World-Border-Corner in every Dimension"},
        "icon": {
            "id": "structure_void"
        },
        "frame": "challenge"
    },
    "requirements": [
        [
            "north_west_the_end",
            "north_east_the_end",
            "south_west_the_end",
            "south_east_the_end"
        ],
        [
            "north_west_the_nether",
            "north_east_the_nether",
            "south_west_the_nether",
            "south_east_the_nether"
        ],
        [
            "north_west_overworld",
            "north_east_overworld",
            "south_west_overworld",
            "south_east_overworld"
        ]
    ],
	"rewards": {
		"function": "blackbirds_torture_chamber:rewards/stuff/storage_upgrade_required"
	}
}