{
    "display": {
        "icon": {
            "id": "minecraft:phantom_spawn_egg",
            "components": {
                "minecraft:enchantment_glint_override": true
            }
        },
        "title": "Super Insomniac",
        "description": {"color":"dark_red","text":"Go a Full In-Game Year without sleeping"},
		"frame": "challenge"
    },
    "parent": "blazeandcave:building/insomniac",	
    "criteria": {
        "trigger": {
			"trigger": "minecraft:location",
			"conditions": {
				"player": [
					{
						"condition": "minecraft:entity_properties",
						"entity": "this",
						"predicate": {
							"type_specific": {
								"type": "player",
								"stats": [
									{
										"type": "minecraft:custom",
										"stat": "minecraft:time_since_rest",
										"value": {
											"min": 8760000
										}
									}
								]
							}
						}
					}
				]
			}
		}
    },
	"rewards": {
		"function": "blackbirds_torture_chamber:rewards/stuff/super_insomniac"
	}
}