{
    "criteria": {
        "DEATH": {
            "trigger": "impossible"
        }
    },
    "display": {
        "title": "The World is actually ending",
        "description": {"color":"dark_red","text":"Summon 64 Withers at once"},
        "icon": {
            "id": "nether_star"
        },
        "frame": "challenge"
    },
    "parent": "blazeandcave:challenges/the_world_is_ending",
	"rewards": {
		"function": "blackbirds_torture_chamber:rewards/stuff/the_world_is_actually_ending"
	}
}