{
	"display": {
		"icon": {
			"id": "minecraft:dragon_head"
		},
		"title": {"translate":"Training Session"},
		"description": {"color":"dark_red","translate":"Train yourself by killing a Villager wearing a Dragon Head"},
		"announce_to_chat": true,
		"frame": "challenge"
	},
	"parent": "blazeandcave:adventure/you_are_the_pillager",
	"rewards": {
		"function": "blackbirds_torture_chamber:rewards/stuff/training_session"
	},		
	"criteria": {
		"villager": {
			"trigger": "minecraft:player_killed_entity",
			"conditions": {
				"entity": {
					"type":"villager",
					"equipment": {
						"head": {
							"items": [
								"minecraft:dragon_head"
							]
						}
					}
				}
			}
		}
	}
}