{
    "display": {
        "title": "vAccINaTIon bAd",
        "description": {
            "color": "dark_red",
            "text": "Get killed by every Type of Zombie Villager"
        },
        "icon": {
            "id": "zombie_villager_spawn_egg"
        },
        "frame": "challenge"
    },
    "parent": "blazeandcave:challenges/global_vaccination",
	"rewards": {
		"function": "blackbirds_torture_chamber:rewards/stuff/vaccination_bad"
	},
    "criteria": {
        "baby_zillager_plains": {
            "trigger": "minecraft:entity_killed_player",
            "conditions": {
                "entity": {
                    "type": "zombie_villager",
                    "flags": {
						"is_baby": true
					},
                    "nbt": "{VillagerData:{type:\"minecraft:plains\"}}"
                }
            }
        },
        "baby_zillager_savanna": {
            "trigger": "minecraft:entity_killed_player",
            "conditions": {
                "entity": {
                    "type": "zombie_villager",
                    "flags": {
						"is_baby": true
					},
                    "nbt": "{VillagerData:{type:\"minecraft:savanna\"}}"
                }
            }
        },
        "baby_zillager_swamp": {
            "trigger": "minecraft:entity_killed_player",
            "conditions": {
                "entity": {
                    "type": "zombie_villager",
                    "flags": {
						"is_baby": true
					},
                    "nbt": "{VillagerData:{type:\"minecraft:swamp\"}}"
                }
            }
        },
        "baby_zillager_jungle": {
            "trigger": "minecraft:entity_killed_player",
            "conditions": {
                "entity": {
                    "type": "zombie_villager",
                    "flags": {
						"is_baby": true
					},
                    "nbt": "{VillagerData:{type:\"minecraft:jungle\"}}"
                }
            }
        },
        "baby_zillager_snow": {
            "trigger": "minecraft:entity_killed_player",
            "conditions": {
                "entity": {
                    "type": "zombie_villager",
                    "flags": {
						"is_baby": true
					},
                    "nbt": "{VillagerData:{type:\"minecraft:snow\"}}"
                }
            }
        },
        "baby_zillager_taiga": {
            "trigger": "minecraft:entity_killed_player",
            "conditions": {
                "entity": {
                    "type": "zombie_villager",
                    "flags": {
						"is_baby": true
					},
                    "nbt": "{VillagerData:{type:\"minecraft:taiga\"}}"
                }
            }
        },
        "baby_zillager_desert": {
            "trigger": "minecraft:entity_killed_player",
            "conditions": {
                "entity": {
                    "type": "zombie_villager",
                    "flags": {
						"is_baby": true
					},
                    "nbt": "{VillagerData:{type:\"minecraft:desert\"}}"
                }
            }
        },
        "farmer_plains": {
            "trigger": "minecraft:entity_killed_player",
            "conditions": {
                "entity": {
                    "type": "zombie_villager",
                    "nbt": "{IsBaby:0b,VillagerData:{profession:\"minecraft:farmer\",type:\"minecraft:plains\"}}"
                }
            }
        },
        "fisherman_plains": {
            "trigger": "minecraft:entity_killed_player",
            "conditions": {
                "entity": {
                    "type": "zombie_villager",
                    "nbt": "{IsBaby:0b,VillagerData:{profession:\"minecraft:fisherman\",type:\"minecraft:plains\"}}"
                }
            }
        },
        "shepherd_plains": {
            "trigger": "minecraft:entity_killed_player",
            "conditions": {
                "entity": {
                    "type": "zombie_villager",
                    "nbt": "{IsBaby:0b,VillagerData:{profession:\"minecraft:shepherd\",type:\"minecraft:plains\"}}"
                }
            }
        },
        "fletcher_plains": {
            "trigger": "minecraft:entity_killed_player",
            "conditions": {
                "entity": {
                    "type": "zombie_villager",
                    "nbt": "{IsBaby:0b,VillagerData:{profession:\"minecraft:fletcher\",type:\"minecraft:plains\"}}"
                }
            }
        },
        "librarian_plains": {
            "trigger": "minecraft:entity_killed_player",
            "conditions": {
                "entity": {
                    "type": "zombie_villager",
                    "nbt": "{IsBaby:0b,VillagerData:{profession:\"minecraft:librarian\",type:\"minecraft:plains\"}}"
                }
            }
        },
        "cartographer_plains": {
            "trigger": "minecraft:entity_killed_player",
            "conditions": {
                "entity": {
                    "type": "zombie_villager",
                    "nbt": "{IsBaby:0b,VillagerData:{profession:\"minecraft:cartographer\",type:\"minecraft:plains\"}}"
                }
            }
        },
        "cleric_plains": {
            "trigger": "minecraft:entity_killed_player",
            "conditions": {
                "entity": {
                    "type": "zombie_villager",
                    "nbt": "{IsBaby:0b,VillagerData:{profession:\"minecraft:cleric\",type:\"minecraft:plains\"}}"
                }
            }
        },
        "armorer_plains": {
            "trigger": "minecraft:entity_killed_player",
            "conditions": {
                "entity": {
                    "type": "zombie_villager",
                    "nbt": "{IsBaby:0b,VillagerData:{profession:\"minecraft:armorer\",type:\"minecraft:plains\"}}"
                }
            }
        },
        "weapon_smith_plains": {
            "trigger": "minecraft:entity_killed_player",
            "conditions": {
                "entity": {
                    "type": "zombie_villager",
                    "nbt": "{IsBaby:0b,VillagerData:{profession:\"minecraft:weaponsmith\",type:\"minecraft:plains\"}}"
                }
            }
        },
        "tool_smith_plains": {
            "trigger": "minecraft:entity_killed_player",
            "conditions": {
                "entity": {
                    "type": "zombie_villager",
                    "nbt": "{IsBaby:0b,VillagerData:{profession:\"minecraft:toolsmith\",type:\"minecraft:plains\"}}"
                }
            }
        },
        "butcher_plains": {
            "trigger": "minecraft:entity_killed_player",
            "conditions": {
                "entity": {
                    "type": "zombie_villager",
                    "nbt": "{IsBaby:0b,VillagerData:{profession:\"minecraft:butcher\",type:\"minecraft:plains\"}}"
                }
            }
        },
        "leatherworker_plains": {
            "trigger": "minecraft:entity_killed_player",
            "conditions": {
                "entity": {
                    "type": "zombie_villager",
                    "nbt": "{IsBaby:0b,VillagerData:{profession:\"minecraft:leatherworker\",type:\"minecraft:plains\"}}"
                }
            }
        },
        "mason_plains": {
            "trigger": "minecraft:entity_killed_player",
            "conditions": {
                "entity": {
                    "type": "zombie_villager",
                    "nbt": "{IsBaby:0b,VillagerData:{profession:\"minecraft:mason\",type:\"minecraft:plains\"}}"
                }
            }
        },
        "nitwit_plains": {
            "trigger": "minecraft:entity_killed_player",
            "conditions": {
                "entity": {
                    "type": "zombie_villager",
                    "nbt": "{IsBaby:0b,VillagerData:{profession:\"minecraft:nitwit\",type:\"minecraft:plains\"}}"
                }
            }
        },
        "none_plains": {
            "trigger": "minecraft:entity_killed_player",
            "conditions": {
                "entity": {
                    "type": "zombie_villager",
                    "nbt": "{IsBaby:0b,VillagerData:{profession:\"minecraft:none\",type:\"minecraft:plains\"}}"
                }
            }
        },
        "farmer_taiga": {
            "trigger": "minecraft:entity_killed_player",
            "conditions": {
                "entity": {
                    "type": "zombie_villager",
                    "nbt": "{IsBaby:0b,VillagerData:{profession:\"minecraft:farmer\",type:\"minecraft:taiga\"}}"
                }
            }
        },
        "fisherman_taiga": {
            "trigger": "minecraft:entity_killed_player",
            "conditions": {
                "entity": {
                    "type": "zombie_villager",
                    "nbt": "{IsBaby:0b,VillagerData:{profession:\"minecraft:fisherman\",type:\"minecraft:taiga\"}}"
                }
            }
        },
        "shepherd_taiga": {
            "trigger": "minecraft:entity_killed_player",
            "conditions": {
                "entity": {
                    "type": "zombie_villager",
                    "nbt": "{IsBaby:0b,VillagerData:{profession:\"minecraft:shepherd\",type:\"minecraft:taiga\"}}"
                }
            }
        },
        "fletcher_taiga": {
            "trigger": "minecraft:entity_killed_player",
            "conditions": {
                "entity": {
                    "type": "zombie_villager",
                    "nbt": "{IsBaby:0b,VillagerData:{profession:\"minecraft:fletcher\",type:\"minecraft:taiga\"}}"
                }
            }
        },
        "librarian_taiga": {
            "trigger": "minecraft:entity_killed_player",
            "conditions": {
                "entity": {
                    "type": "zombie_villager",
                    "nbt": "{IsBaby:0b,VillagerData:{profession:\"minecraft:librarian\",type:\"minecraft:taiga\"}}"
                }
            }
        },
        "cartographer_taiga": {
            "trigger": "minecraft:entity_killed_player",
            "conditions": {
                "entity": {
                    "type": "zombie_villager",
                    "nbt": "{IsBaby:0b,VillagerData:{profession:\"minecraft:cartographer\",type:\"minecraft:taiga\"}}"
                }
            }
        },
        "cleric_taiga": {
            "trigger": "minecraft:entity_killed_player",
            "conditions": {
                "entity": {
                    "type": "zombie_villager",
                    "nbt": "{IsBaby:0b,VillagerData:{profession:\"minecraft:cleric\",type:\"minecraft:taiga\"}}"
                }
            }
        },
        "armorer_taiga": {
            "trigger": "minecraft:entity_killed_player",
            "conditions": {
                "entity": {
                    "type": "zombie_villager",
                    "nbt": "{IsBaby:0b,VillagerData:{profession:\"minecraft:armorer\",type:\"minecraft:taiga\"}}"
                }
            }
        },
        "weapon_smith_taiga": {
            "trigger": "minecraft:entity_killed_player",
            "conditions": {
                "entity": {
                    "type": "zombie_villager",
                    "nbt": "{IsBaby:0b,VillagerData:{profession:\"minecraft:weaponsmith\",type:\"minecraft:taiga\"}}"
                }
            }
        },
        "tool_smith_taiga": {
            "trigger": "minecraft:entity_killed_player",
            "conditions": {
                "entity": {
                    "type": "zombie_villager",
                    "nbt": "{IsBaby:0b,VillagerData:{profession:\"minecraft:toolsmith\",type:\"minecraft:taiga\"}}"
                }
            }
        },
        "butcher_taiga": {
            "trigger": "minecraft:entity_killed_player",
            "conditions": {
                "entity": {
                    "type": "zombie_villager",
                    "nbt": "{IsBaby:0b,VillagerData:{profession:\"minecraft:butcher\",type:\"minecraft:taiga\"}}"
                }
            }
        },
        "leatherworker_taiga": {
            "trigger": "minecraft:entity_killed_player",
            "conditions": {
                "entity": {
                    "type": "zombie_villager",
                    "nbt": "{IsBaby:0b,VillagerData:{profession:\"minecraft:leatherworker\",type:\"minecraft:taiga\"}}"
                }
            }
        },
        "mason_taiga": {
            "trigger": "minecraft:entity_killed_player",
            "conditions": {
                "entity": {
                    "type": "zombie_villager",
                    "nbt": "{IsBaby:0b,VillagerData:{profession:\"minecraft:mason\",type:\"minecraft:taiga\"}}"
                }
            }
        },
        "nitwit_taiga": {
            "trigger": "minecraft:entity_killed_player",
            "conditions": {
                "entity": {
                    "type": "zombie_villager",
                    "nbt": "{IsBaby:0b,VillagerData:{profession:\"minecraft:nitwit\",type:\"minecraft:taiga\"}}"
                }
            }
        },
        "none_taiga": {
            "trigger": "minecraft:entity_killed_player",
            "conditions": {
                "entity": {
                    "type": "zombie_villager",
                    "nbt": "{IsBaby:0b,VillagerData:{profession:\"minecraft:none\",type:\"minecraft:taiga\"}}"
                }
            }
        },
        "farmer_desert": {
            "trigger": "minecraft:entity_killed_player",
            "conditions": {
                "entity": {
                    "type": "zombie_villager",
                    "nbt": "{IsBaby:0b,VillagerData:{profession:\"minecraft:farmer\",type:\"minecraft:desert\"}}"
                }
            }
        },
        "fisherman_desert": {
            "trigger": "minecraft:entity_killed_player",
            "conditions": {
                "entity": {
                    "type": "zombie_villager",
                    "nbt": "{IsBaby:0b,VillagerData:{profession:\"minecraft:fisherman\",type:\"minecraft:desert\"}}"
                }
            }
        },
        "shepherd_desert": {
            "trigger": "minecraft:entity_killed_player",
            "conditions": {
                "entity": {
                    "type": "zombie_villager",
                    "nbt": "{IsBaby:0b,VillagerData:{profession:\"minecraft:shepherd\",type:\"minecraft:desert\"}}"
                }
            }
        },
        "fletcher_desert": {
            "trigger": "minecraft:entity_killed_player",
            "conditions": {
                "entity": {
                    "type": "zombie_villager",
                    "nbt": "{IsBaby:0b,VillagerData:{profession:\"minecraft:fletcher\",type:\"minecraft:desert\"}}"
                }
            }
        },
        "librarian_desert": {
            "trigger": "minecraft:entity_killed_player",
            "conditions": {
                "entity": {
                    "type": "zombie_villager",
                    "nbt": "{IsBaby:0b,VillagerData:{profession:\"minecraft:librarian\",type:\"minecraft:desert\"}}"
                }
            }
        },
        "cartographer_desert": {
            "trigger": "minecraft:entity_killed_player",
            "conditions": {
                "entity": {
                    "type": "zombie_villager",
                    "nbt": "{IsBaby:0b,VillagerData:{profession:\"minecraft:cartographer\",type:\"minecraft:desert\"}}"
                }
            }
        },
        "cleric_desert": {
            "trigger": "minecraft:entity_killed_player",
            "conditions": {
                "entity": {
                    "type": "zombie_villager",
                    "nbt": "{IsBaby:0b,VillagerData:{profession:\"minecraft:cleric\",type:\"minecraft:desert\"}}"
                }
            }
        },
        "armorer_desert": {
            "trigger": "minecraft:entity_killed_player",
            "conditions": {
                "entity": {
                    "type": "zombie_villager",
                    "nbt": "{IsBaby:0b,VillagerData:{profession:\"minecraft:armorer\",type:\"minecraft:desert\"}}"
                }
            }
        },
        "weapon_smith_desert": {
            "trigger": "minecraft:entity_killed_player",
            "conditions": {
                "entity": {
                    "type": "zombie_villager",
                    "nbt": "{IsBaby:0b,VillagerData:{profession:\"minecraft:weaponsmith\",type:\"minecraft:desert\"}}"
                }
            }
        },
        "tool_smith_desert": {
            "trigger": "minecraft:entity_killed_player",
            "conditions": {
                "entity": {
                    "type": "zombie_villager",
                    "nbt": "{IsBaby:0b,VillagerData:{profession:\"minecraft:toolsmith\",type:\"minecraft:desert\"}}"
                }
            }
        },
        "butcher_desert": {
            "trigger": "minecraft:entity_killed_player",
            "conditions": {
                "entity": {
                    "type": "zombie_villager",
                    "nbt": "{IsBaby:0b,VillagerData:{profession:\"minecraft:butcher\",type:\"minecraft:desert\"}}"
                }
            }
        },
        "leatherworker_desert": {
            "trigger": "minecraft:entity_killed_player",
            "conditions": {
                "entity": {
                    "type": "zombie_villager",
                    "nbt": "{IsBaby:0b,VillagerData:{profession:\"minecraft:leatherworker\",type:\"minecraft:desert\"}}"
                }
            }
        },
        "mason_desert": {
            "trigger": "minecraft:entity_killed_player",
            "conditions": {
                "entity": {
                    "type": "zombie_villager",
                    "nbt": "{IsBaby:0b,VillagerData:{profession:\"minecraft:mason\",type:\"minecraft:desert\"}}"
                }
            }
        },
        "nitwit_desert": {
            "trigger": "minecraft:entity_killed_player",
            "conditions": {
                "entity": {
                    "type": "zombie_villager",
                    "nbt": "{IsBaby:0b,VillagerData:{profession:\"minecraft:nitwit\",type:\"minecraft:desert\"}}"
                }
            }
        },
        "none_desert": {
            "trigger": "minecraft:entity_killed_player",
            "conditions": {
                "entity": {
                    "type": "zombie_villager",
                    "nbt": "{IsBaby:0b,VillagerData:{profession:\"minecraft:none\",type:\"minecraft:desert\"}}"
                }
            }
        },
        "farmer_savanna": {
            "trigger": "minecraft:entity_killed_player",
            "conditions": {
                "entity": {
                    "type": "zombie_villager",
                    "nbt": "{IsBaby:0b,VillagerData:{profession:\"minecraft:farmer\",type:\"minecraft:savanna\"}}"
                }
            }
        },
        "fisherman_savanna": {
            "trigger": "minecraft:entity_killed_player",
            "conditions": {
                "entity": {
                    "type": "zombie_villager",
                    "nbt": "{IsBaby:0b,VillagerData:{profession:\"minecraft:fisherman\",type:\"minecraft:savanna\"}}"
                }
            }
        },
        "shepherd_savanna": {
            "trigger": "minecraft:entity_killed_player",
            "conditions": {
                "entity": {
                    "type": "zombie_villager",
                    "nbt": "{IsBaby:0b,VillagerData:{profession:\"minecraft:shepherd\",type:\"minecraft:savanna\"}}"
                }
            }
        },
        "fletcher_savanna": {
            "trigger": "minecraft:entity_killed_player",
            "conditions": {
                "entity": {
                    "type": "zombie_villager",
                    "nbt": "{IsBaby:0b,VillagerData:{profession:\"minecraft:fletcher\",type:\"minecraft:savanna\"}}"
                }
            }
        },
        "librarian_savanna": {
            "trigger": "minecraft:entity_killed_player",
            "conditions": {
                "entity": {
                    "type": "zombie_villager",
                    "nbt": "{IsBaby:0b,VillagerData:{profession:\"minecraft:librarian\",type:\"minecraft:savanna\"}}"
                }
            }
        },
        "cartographer_savanna": {
            "trigger": "minecraft:entity_killed_player",
            "conditions": {
                "entity": {
                    "type": "zombie_villager",
                    "nbt": "{IsBaby:0b,VillagerData:{profession:\"minecraft:cartographer\",type:\"minecraft:savanna\"}}"
                }
            }
        },
        "cleric_savanna": {
            "trigger": "minecraft:entity_killed_player",
            "conditions": {
                "entity": {
                    "type": "zombie_villager",
                    "nbt": "{IsBaby:0b,VillagerData:{profession:\"minecraft:cleric\",type:\"minecraft:savanna\"}}"
                }
            }
        },
        "armorer_savanna": {
            "trigger": "minecraft:entity_killed_player",
            "conditions": {
                "entity": {
                    "type": "zombie_villager",
                    "nbt": "{IsBaby:0b,VillagerData:{profession:\"minecraft:armorer\",type:\"minecraft:savanna\"}}"
                }
            }
        },
        "weapon_smith_savanna": {
            "trigger": "minecraft:entity_killed_player",
            "conditions": {
                "entity": {
                    "type": "zombie_villager",
                    "nbt": "{IsBaby:0b,VillagerData:{profession:\"minecraft:weaponsmith\",type:\"minecraft:savanna\"}}"
                }
            }
        },
        "tool_smith_savanna": {
            "trigger": "minecraft:entity_killed_player",
            "conditions": {
                "entity": {
                    "type": "zombie_villager",
                    "nbt": "{IsBaby:0b,VillagerData:{profession:\"minecraft:toolsmith\",type:\"minecraft:savanna\"}}"
                }
            }
        },
        "butcher_savanna": {
            "trigger": "minecraft:entity_killed_player",
            "conditions": {
                "entity": {
                    "type": "zombie_villager",
                    "nbt": "{IsBaby:0b,VillagerData:{profession:\"minecraft:butcher\",type:\"minecraft:savanna\"}}"
                }
            }
        },
        "leatherworker_savanna": {
            "trigger": "minecraft:entity_killed_player",
            "conditions": {
                "entity": {
                    "type": "zombie_villager",
                    "nbt": "{IsBaby:0b,VillagerData:{profession:\"minecraft:leatherworker\",type:\"minecraft:savanna\"}}"
                }
            }
        },
        "mason_savanna": {
            "trigger": "minecraft:entity_killed_player",
            "conditions": {
                "entity": {
                    "type": "zombie_villager",
                    "nbt": "{IsBaby:0b,VillagerData:{profession:\"minecraft:mason\",type:\"minecraft:savanna\"}}"
                }
            }
        },
        "nitwit_savanna": {
            "trigger": "minecraft:entity_killed_player",
            "conditions": {
                "entity": {
                    "type": "zombie_villager",
                    "nbt": "{IsBaby:0b,VillagerData:{profession:\"minecraft:nitwit\",type:\"minecraft:savanna\"}}"
                }
            }
        },
        "none_savanna": {
            "trigger": "minecraft:entity_killed_player",
            "conditions": {
                "entity": {
                    "type": "zombie_villager",
                    "nbt": "{IsBaby:0b,VillagerData:{profession:\"minecraft:none\",type:\"minecraft:savanna\"}}"
                }
            }
        },
        "farmer_snow": {
            "trigger": "minecraft:entity_killed_player",
            "conditions": {
                "entity": {
                    "type": "zombie_villager",
                    "nbt": "{IsBaby:0b,VillagerData:{profession:\"minecraft:farmer\",type:\"minecraft:snow\"}}"
                }
            }
        },
        "fisherman_snow": {
            "trigger": "minecraft:entity_killed_player",
            "conditions": {
                "entity": {
                    "type": "zombie_villager",
                    "nbt": "{IsBaby:0b,VillagerData:{profession:\"minecraft:fisherman\",type:\"minecraft:snow\"}}"
                }
            }
        },
        "shepherd_snow": {
            "trigger": "minecraft:entity_killed_player",
            "conditions": {
                "entity": {
                    "type": "zombie_villager",
                    "nbt": "{IsBaby:0b,VillagerData:{profession:\"minecraft:shepherd\",type:\"minecraft:snow\"}}"
                }
            }
        },
        "fletcher_snow": {
            "trigger": "minecraft:entity_killed_player",
            "conditions": {
                "entity": {
                    "type": "zombie_villager",
                    "nbt": "{IsBaby:0b,VillagerData:{profession:\"minecraft:fletcher\",type:\"minecraft:snow\"}}"
                }
            }
        },
        "librarian_snow": {
            "trigger": "minecraft:entity_killed_player",
            "conditions": {
                "entity": {
                    "type": "zombie_villager",
                    "nbt": "{IsBaby:0b,VillagerData:{profession:\"minecraft:librarian\",type:\"minecraft:snow\"}}"
                }
            }
        },
        "cartographer_snow": {
            "trigger": "minecraft:entity_killed_player",
            "conditions": {
                "entity": {
                    "type": "zombie_villager",
                    "nbt": "{IsBaby:0b,VillagerData:{profession:\"minecraft:cartographer\",type:\"minecraft:snow\"}}"
                }
            }
        },
        "cleric_snow": {
            "trigger": "minecraft:entity_killed_player",
            "conditions": {
                "entity": {
                    "type": "zombie_villager",
                    "nbt": "{IsBaby:0b,VillagerData:{profession:\"minecraft:cleric\",type:\"minecraft:snow\"}}"
                }
            }
        },
        "armorer_snow": {
            "trigger": "minecraft:entity_killed_player",
            "conditions": {
                "entity": {
                    "type": "zombie_villager",
                    "nbt": "{IsBaby:0b,VillagerData:{profession:\"minecraft:armorer\",type:\"minecraft:snow\"}}"
                }
            }
        },
        "weapon_smith_snow": {
            "trigger": "minecraft:entity_killed_player",
            "conditions": {
                "entity": {
                    "type": "zombie_villager",
                    "nbt": "{IsBaby:0b,VillagerData:{profession:\"minecraft:weaponsmith\",type:\"minecraft:snow\"}}"
                }
            }
        },
        "tool_smith_snow": {
            "trigger": "minecraft:entity_killed_player",
            "conditions": {
                "entity": {
                    "type": "zombie_villager",
                    "nbt": "{IsBaby:0b,VillagerData:{profession:\"minecraft:toolsmith\",type:\"minecraft:snow\"}}"
                }
            }
        },
        "butcher_snow": {
            "trigger": "minecraft:entity_killed_player",
            "conditions": {
                "entity": {
                    "type": "zombie_villager",
                    "nbt": "{IsBaby:0b,VillagerData:{profession:\"minecraft:butcher\",type:\"minecraft:snow\"}}"
                }
            }
        },
        "leatherworker_snow": {
            "trigger": "minecraft:entity_killed_player",
            "conditions": {
                "entity": {
                    "type": "zombie_villager",
                    "nbt": "{IsBaby:0b,VillagerData:{profession:\"minecraft:leatherworker\",type:\"minecraft:snow\"}}"
                }
            }
        },
        "mason_snow": {
            "trigger": "minecraft:entity_killed_player",
            "conditions": {
                "entity": {
                    "type": "zombie_villager",
                    "nbt": "{IsBaby:0b,VillagerData:{profession:\"minecraft:mason\",type:\"minecraft:snow\"}}"
                }
            }
        },
        "nitwit_snow": {
            "trigger": "minecraft:entity_killed_player",
            "conditions": {
                "entity": {
                    "type": "zombie_villager",
                    "nbt": "{IsBaby:0b,VillagerData:{profession:\"minecraft:nitwit\",type:\"minecraft:snow\"}}"
                }
            }
        },
        "none_snow": {
            "trigger": "minecraft:entity_killed_player",
            "conditions": {
                "entity": {
                    "type": "zombie_villager",
                    "nbt": "{IsBaby:0b,VillagerData:{profession:\"minecraft:none\",type:\"minecraft:snow\"}}"
                }
            }
        },
        "farmer_jungle": {
            "trigger": "minecraft:entity_killed_player",
            "conditions": {
                "entity": {
                    "type": "zombie_villager",
                    "nbt": "{IsBaby:0b,VillagerData:{profession:\"minecraft:farmer\",type:\"minecraft:jungle\"}}"
                }
            }
        },
        "fisherman_jungle": {
            "trigger": "minecraft:entity_killed_player",
            "conditions": {
                "entity": {
                    "type": "zombie_villager",
                    "nbt": "{IsBaby:0b,VillagerData:{profession:\"minecraft:fisherman\",type:\"minecraft:jungle\"}}"
                }
            }
        },
        "shepherd_jungle": {
            "trigger": "minecraft:entity_killed_player",
            "conditions": {
                "entity": {
                    "type": "zombie_villager",
                    "nbt": "{IsBaby:0b,VillagerData:{profession:\"minecraft:shepherd\",type:\"minecraft:jungle\"}}"
                }
            }
        },
        "fletcher_jungle": {
            "trigger": "minecraft:entity_killed_player",
            "conditions": {
                "entity": {
                    "type": "zombie_villager",
                    "nbt": "{IsBaby:0b,VillagerData:{profession:\"minecraft:fletcher\",type:\"minecraft:jungle\"}}"
                }
            }
        },
        "librarian_jungle": {
            "trigger": "minecraft:entity_killed_player",
            "conditions": {
                "entity": {
                    "type": "zombie_villager",
                    "nbt": "{IsBaby:0b,VillagerData:{profession:\"minecraft:librarian\",type:\"minecraft:jungle\"}}"
                }
            }
        },
        "cartographer_jungle": {
            "trigger": "minecraft:entity_killed_player",
            "conditions": {
                "entity": {
                    "type": "zombie_villager",
                    "nbt": "{IsBaby:0b,VillagerData:{profession:\"minecraft:cartographer\",type:\"minecraft:jungle\"}}"
                }
            }
        },
        "cleric_jungle": {
            "trigger": "minecraft:entity_killed_player",
            "conditions": {
                "entity": {
                    "type": "zombie_villager",
                    "nbt": "{IsBaby:0b,VillagerData:{profession:\"minecraft:cleric\",type:\"minecraft:jungle\"}}"
                }
            }
        },
        "armorer_jungle": {
            "trigger": "minecraft:entity_killed_player",
            "conditions": {
                "entity": {
                    "type": "zombie_villager",
                    "nbt": "{IsBaby:0b,VillagerData:{profession:\"minecraft:armorer\",type:\"minecraft:jungle\"}}"
                }
            }
        },
        "weapon_smith_jungle": {
            "trigger": "minecraft:entity_killed_player",
            "conditions": {
                "entity": {
                    "type": "zombie_villager",
                    "nbt": "{IsBaby:0b,VillagerData:{profession:\"minecraft:weaponsmith\",type:\"minecraft:jungle\"}}"
                }
            }
        },
        "tool_smith_jungle": {
            "trigger": "minecraft:entity_killed_player",
            "conditions": {
                "entity": {
                    "type": "zombie_villager",
                    "nbt": "{IsBaby:0b,VillagerData:{profession:\"minecraft:toolsmith\",type:\"minecraft:jungle\"}}"
                }
            }
        },
        "butcher_jungle": {
            "trigger": "minecraft:entity_killed_player",
            "conditions": {
                "entity": {
                    "type": "zombie_villager",
                    "nbt": "{IsBaby:0b,VillagerData:{profession:\"minecraft:butcher\",type:\"minecraft:jungle\"}}"
                }
            }
        },
        "leatherworker_jungle": {
            "trigger": "minecraft:entity_killed_player",
            "conditions": {
                "entity": {
                    "type": "zombie_villager",
                    "nbt": "{IsBaby:0b,VillagerData:{profession:\"minecraft:leatherworker\",type:\"minecraft:jungle\"}}"
                }
            }
        },
        "mason_jungle": {
            "trigger": "minecraft:entity_killed_player",
            "conditions": {
                "entity": {
                    "type": "zombie_villager",
                    "nbt": "{IsBaby:0b,VillagerData:{profession:\"minecraft:mason\",type:\"minecraft:jungle\"}}"
                }
            }
        },
        "nitwit_jungle": {
            "trigger": "minecraft:entity_killed_player",
            "conditions": {
                "entity": {
                    "type": "zombie_villager",
                    "nbt": "{IsBaby:0b,VillagerData:{profession:\"minecraft:nitwit\",type:\"minecraft:jungle\"}}"
                }
            }
        },
        "none_jungle": {
            "trigger": "minecraft:entity_killed_player",
            "conditions": {
                "entity": {
                    "type": "zombie_villager",
                    "nbt": "{IsBaby:0b,VillagerData:{profession:\"minecraft:none\",type:\"minecraft:jungle\"}}"
                }
            }
        },
        "farmer_swamp": {
            "trigger": "minecraft:entity_killed_player",
            "conditions": {
                "entity": {
                    "type": "zombie_villager",
                    "nbt": "{IsBaby:0b,VillagerData:{profession:\"minecraft:farmer\",type:\"minecraft:swamp\"}}"
                }
            }
        },
        "fisherman_swamp": {
            "trigger": "minecraft:entity_killed_player",
            "conditions": {
                "entity": {
                    "type": "zombie_villager",
                    "nbt": "{IsBaby:0b,VillagerData:{profession:\"minecraft:fisherman\",type:\"minecraft:swamp\"}}"
                }
            }
        },
        "shepherd_swamp": {
            "trigger": "minecraft:entity_killed_player",
            "conditions": {
                "entity": {
                    "type": "zombie_villager",
                    "nbt": "{IsBaby:0b,VillagerData:{profession:\"minecraft:shepherd\",type:\"minecraft:swamp\"}}"
                }
            }
        },
        "fletcher_swamp": {
            "trigger": "minecraft:entity_killed_player",
            "conditions": {
                "entity": {
                    "type": "zombie_villager",
                    "nbt": "{IsBaby:0b,VillagerData:{profession:\"minecraft:fletcher\",type:\"minecraft:swamp\"}}"
                }
            }
        },
        "librarian_swamp": {
            "trigger": "minecraft:entity_killed_player",
            "conditions": {
                "entity": {
                    "type": "zombie_villager",
                    "nbt": "{IsBaby:0b,VillagerData:{profession:\"minecraft:librarian\",type:\"minecraft:swamp\"}}"
                }
            }
        },
        "cartographer_swamp": {
            "trigger": "minecraft:entity_killed_player",
            "conditions": {
                "entity": {
                    "type": "zombie_villager",
                    "nbt": "{IsBaby:0b,VillagerData:{profession:\"minecraft:cartographer\",type:\"minecraft:swamp\"}}"
                }
            }
        },
        "cleric_swamp": {
            "trigger": "minecraft:entity_killed_player",
            "conditions": {
                "entity": {
                    "type": "zombie_villager",
                    "nbt": "{IsBaby:0b,VillagerData:{profession:\"minecraft:cleric\",type:\"minecraft:swamp\"}}"
                }
            }
        },
        "armorer_swamp": {
            "trigger": "minecraft:entity_killed_player",
            "conditions": {
                "entity": {
                    "type": "zombie_villager",
                    "nbt": "{IsBaby:0b,VillagerData:{profession:\"minecraft:armorer\",type:\"minecraft:swamp\"}}"
                }
            }
        },
        "weapon_smith_swamp": {
            "trigger": "minecraft:entity_killed_player",
            "conditions": {
                "entity": {
                    "type": "zombie_villager",
                    "nbt": "{IsBaby:0b,VillagerData:{profession:\"minecraft:weaponsmith\",type:\"minecraft:swamp\"}}"
                }
            }
        },
        "tool_smith_swamp": {
            "trigger": "minecraft:entity_killed_player",
            "conditions": {
                "entity": {
                    "type": "zombie_villager",
                    "nbt": "{IsBaby:0b,VillagerData:{profession:\"minecraft:toolsmith\",type:\"minecraft:swamp\"}}"
                }
            }
        },
        "butcher_swamp": {
            "trigger": "minecraft:entity_killed_player",
            "conditions": {
                "entity": {
                    "type": "zombie_villager",
                    "nbt": "{IsBaby:0b,VillagerData:{profession:\"minecraft:butcher\",type:\"minecraft:swamp\"}}"
                }
            }
        },
        "leatherworker_swamp": {
            "trigger": "minecraft:entity_killed_player",
            "conditions": {
                "entity": {
                    "type": "zombie_villager",
                    "nbt": "{IsBaby:0b,VillagerData:{profession:\"minecraft:leatherworker\",type:\"minecraft:swamp\"}}"
                }
            }
        },
        "mason_swamp": {
            "trigger": "minecraft:entity_killed_player",
            "conditions": {
                "entity": {
                    "type": "zombie_villager",
                    "nbt": "{IsBaby:0b,VillagerData:{profession:\"minecraft:mason\",type:\"minecraft:swamp\"}}"
                }
            }
        },
        "nitwit_swamp": {
            "trigger": "minecraft:entity_killed_player",
            "conditions": {
                "entity": {
                    "type": "zombie_villager",
                    "nbt": "{IsBaby:0b,VillagerData:{profession:\"minecraft:nitwit\",type:\"minecraft:swamp\"}}"
                }
            }
        },
        "none_swamp": {
            "trigger": "minecraft:entity_killed_player",
            "conditions": {
                "entity": {
                    "type": "zombie_villager",
                    "nbt": "{IsBaby:0b,VillagerData:{profession:\"minecraft:none\",type:\"minecraft:swamp\"}}"
                }
            }
        }
    }
}