{
    "display": {
        "icon": {
            "id": "minecraft:bedrock"
        },
        "title": "Void Being",
        "description": {"color":"dark_red","text":"Visit y=-1000"},
        "frame": "challenge"
    },
    "parent": "blazeandcave:end/event_horizon",
    "criteria": {
        "world_height": {
            "trigger": "minecraft:location",
            "conditions": {
                "player": [
                    {
                        "condition": "minecraft:entity_properties",
                        "entity": "this",
                        "predicate": {
                            "location": {
                                "position": {
                                    "y": {
                                        "max": -1000.0
                                    }
                                }
                            }
                        }
                    }
                ]
            }
        }
    },
	"rewards": {
		"function": "blackbirds_torture_chamber:rewards/stuff/void_being"
	}
}