{
    "display": {
        "icon": {
            "id": "iron_helmet",
            "components": {
                "minecraft:enchantment_glint_override": true
            }
        },
        "frame": "challenge",
        "title": "Waiting is Fun",
        "description": {"color":"black","text":"Kill 400 Skeleton Horses"}
    },
    "criteria": {
        "waiting": {
            "trigger": "minecraft:location",
			"conditions": {
				"player":  {
					"type_specific": {
						"type": "player",
						"stats": [
							{
								"type": "minecraft:killed",
								"stat": "minecraft:skeleton_horse",
								"value": {
									"min": 400
								}
							}
						]
					}
				}
			}
        }
    },
    "parent": "blackbirds_torture_chamber:technical/invisible/invisible_for_waiting_is_fun2",
	"rewards": {
		"function": "blackbirds_torture_chamber:rewards/stuff/waiting_is_fun"
	}
}