{
    "display": {
        "icon": {
            "id": "minecraft:golden_apple",
            "components": {
                "minecraft:enchantment_glint_override": true
            }
        },
        "title": "We were Bad, but now we're Good",
        "description": {"color":"dark_red","text":"Cure 10,000 Zombie Villagers"},
		"frame": "challenge"
    },
    "parent": "minecraft:story/cure_zombie_villager",		
    "criteria": {
        "trigger": {
            "trigger": "impossible"
        }
    },
	"rewards": {
		"function": "blackbirds_torture_chamber:rewards/stuff/we_were_bad_but_now_were_good"
	}
}