{
    "criteria": {
        "outer_pos_x": {
            "trigger": "minecraft:location",
            "conditions": {
                "player": [
                    {
                        "condition": "minecraft:entity_properties",
                        "entity": "this",
                        "predicate": {
                            "location": {
                                "position": {
                                    "x": {
                                        "min": 12550820.0
                                    }
                                }
                            }
                        }
                    }
                ]
            }
        },
        "outer_pos_z": {
            "trigger": "minecraft:location",
            "conditions": {
                "player": [
                    {
                        "condition": "minecraft:entity_properties",
                        "entity": "this",
                        "predicate": {
                            "location": {
                                "position": {
                                    "z": {
                                        "min": 12550820.0
                                    }
                                }
                            }
                        }
                    }
                ]
            }
        },
        "outer_neg_x": {
            "trigger": "minecraft:location",
            "conditions": {
                "player": [
                    {
                        "condition": "minecraft:entity_properties",
                        "entity": "this",
                        "predicate": {
                            "location": {
                                "position": {
                                    "x": {
                                        "max": -12550820.0
                                    }
                                }
                            }
                        }
                    }
                ]
            }
        },
        "outer_neg_z": {
            "trigger": "minecraft:location",
            "conditions": {
                "player": [
                    {
                        "condition": "minecraft:entity_properties",
                        "entity": "this",
                        "predicate": {
                            "location": {
                                "position": {
                                    "z": {
                                        "max": -12550820.0
                                    }
                                }
                            }
                        }
                    }
                ]
            }
        }
    },
    "requirements": [
        [
            "outer_pos_x",
            "outer_pos_z",
            "outer_neg_x",
            "outer_neg_z"
        ]
    ],
    "display": {
        "title": "Where are the Farlands?",
        "description": {"color":"dark_red","text":"Reach where the Farlands once were"},
        "icon": {
            "id": "structure_void"
        },
        "frame": "challenge"
    },
    "parent": "blazeandcave:challenges/a_million_blocks_away",
	"rewards": {
		"function": "blackbirds_torture_chamber:rewards/stuff/where_are_the_farlands"
	}
}