{
	"display": {
		"icon": {
			"id": "minecraft:piston"
		},
		"title": {"translate":"Alpha Collection"},
		"description": {"color":"light_purple","translate":"Obtain a stack of a rare and obscure block in Minecraft's history."},
		"announce_to_chat": true,
		"frame": "challenge",
		"hidden": true
	},
	"parent": "cc:challenges/illegal_collection",
	"rewards": {
		"function": "bacap_rewards:challenges/alpha_collection"
	},		
	"criteria": {
		"petrified_oak_slab": {
			"trigger": "minecraft:inventory_changed",
			"conditions": {
				"items": [
					{
						"items": [
							"minecraft:petrified_oak_slab"
						],
						"count": 64
					}
				]
			}
		}
	}
}