{
	"display": {
		"icon": {
			"id": "minecraft:command_block_minecart"
		},
		"title": {"translate":"Illegal Collection"},
		"description": {"color":"light_purple","translate":"Obtain a stack of the block that should not be stacked."},
		"announce_to_chat": true,
		"frame": "challenge",
		"hidden": true
	},
	"parent": "cc:challenges/complete_collection",
	"rewards": {
		"function": "bacap_rewards:challenges/illegal_collection"
	},		
	"criteria": {
		"dragon_egg": {
			"trigger": "minecraft:inventory_changed",
			"conditions": {
				"items": [
					{
						"items": [
							"minecraft:dragon_egg"
						],
						"count": 64
					}
				]
			}
		}
	}
}