{
	"display": {
		"icon": {
			"id": "minecraft:repeating_command_block"
		},
		"title": {"translate":"Triple Trouble"},
		"description": {"color":"light_purple","translate":"Complete Complete Collection, twice. (This version and Suggestion Edition's)"},
		"announce_to_chat": true,
		"frame": "challenge",
		"hidden": true
	},
	"parent": "terrible_suggestions:suggestions/complete_collection",
	"rewards": {
		"function": "bacap_rewards:challenges/triple_trouble"
	},		
	"criteria": {
		"complete_collection": {
			"trigger": "minecraft:location",
			"conditions": {
				"player":  {
					"type_specific": {
						"type": "player",
						"advancements": {
							"cc:challenges/complete_collection": true
						}
					}
				}
			}
		},
		"complete_collection_suggestion": {
			"trigger": "minecraft:location",
			"conditions": {
				"player":  {
					"type_specific": {
						"type": "player",
						"advancements": {
							"terrible_suggestions:suggestions/complete_collection": true
						}
					}
				}
			}
		}
	}
}