{
  "display": {
    "icon": {
      "id": "minecraft:snowball",
      "components": {
        "minecraft:enchantment_glint_override": true
      }
    },
    "title": {
      "translate": "Cold Betrayal"
    },
    "description": {
      "translate": "Get killed by a Snow Golem"
    },
    "frame": "challenge",
    "announce_to_chat": true
  },
  "parent": "bacaped:weaponry/snow_fights",
  "criteria": {
    "get_killed_by_snowgolem": {
      "trigger": "minecraft:entity_killed_player",
      "conditions": {
        "entity": {
          "type": "minecraft:snow_golem"
        }
      }
    }
  },
  "rewards": {
    "function": "bacaped_rewards:weaponry/cold_betrayal"
  }
}