{
  "display": {
    "icon": {
      "id": "minecraft:turtle_egg",
      "components": {
        "minecraft:enchantment_glint_override": true
      }
    },
    "title": {
      "translate": "Dead-Eye"
    },
    "description": {
      "translate": "Kill a baby Turtle that is below sea level while you are more than 300 blocks above the world by using Trident"
    },
    "frame": "challenge",
    "announce_to_chat": true,
    "hidden": false
  },
  "parent": "blazeandcave:weaponry/king_of_the_sea",
  "criteria": {
    "kill_small_turtle": {
      "trigger": "minecraft:player_killed_entity",
      "conditions": {
        "player": {
          "type": "minecraft:player",
          "location": {
            "position": {
              "y": {
                "min": 300
              }
            }
          }
        },
        "entity": [
          {
            "condition": "minecraft:entity_properties",
            "entity": "this",
            "predicate": {
              "type": "minecraft:turtle",
              "location": {
                "position": {
                  "y": {
                    "max": 64
                  }
                }
              },
              "flags": {
                "is_baby": true
              }
            }
          }
        ],
        "killing_blow": {
          "tags": [
            {
              "id": "bacaped:is_trident",
              "expected": true
            }
          ]
        }
      }
    }
  },
  "rewards": {
    "function": "bacaped_rewards:weaponry/dead-eye"
  }
}