{
  "display": {
    "icon": {
      "id": "minecraft:snowball"
    },
    "title": {
      "translate": "Glowball"
    },
    "description": {
      "translate": "Hit the Glow Squid in the air with a snowball"
    },
    "frame": "challenge",
    "announce_to_chat": true
  },
  "parent": "blazeandcave:weaponry/theres_yolk_on_my_head",
  "criteria": {
    "glow_squid": {
      "trigger": "minecraft:player_hurt_entity",
      "conditions": {
        "damage": {
          "type": {
            "direct_entity": {
              "type": "minecraft:snowball"
            }
          }
        },
        "entity": [
          {
            "condition": "minecraft:entity_properties",
            "entity": "this",
            "predicate": {
              "type": "minecraft:glow_squid",
              "flags": {
                "is_on_ground": false
              }
            }
          },
          {
            "condition": "minecraft:inverted",
            "term": {
              "condition": "minecraft:entity_properties",
              "entity": "this",
              "predicate": {
                "location": {
                  "fluid": {
                    "fluids": "#minecraft:water"
                  }
                }
              }
            }
          }
        ]
      }
    }
  },
  "rewards": {
    "function": "bacaped_rewards:weaponry/glowball"
  }
}