{
  "display": {
    "icon": {
      "id": "minecraft:tnt",
      "components": {
        "minecraft:enchantment_glint_override": true
      }
    },
    "title": {
      "translate": "The Explosive Adventure"
    },
    "description": {
      "translate": "Ignite 250 blocks of TNT",
      "color": "#75E1FF",
      "extra": [
        {
          "text": "\n\n"
        },
        {
          "translate": "To view the statistics, run:",
          "color": "dark_gray",
          "italic": true
        },
        {
          "text": "\n"
        },
        {
          "text": "/trigger bacaped_statistics",
          "color": "gray"
        }
      ]
    },
    "frame": "goal",
    "announce_to_chat": true
  },
  "parent": "bacaped:weaponry/explosive_fisherman",
  "criteria": {
    "trigger": {
      "trigger": "minecraft:impossible"
    }
  },
  "rewards": {
    "function": "bacaped_rewards:weaponry/the_explosive_adventure"
  }
}